datetime,b1r1
2023-01-24 00:00,423.57
2023-01-24 00:15,427.9
2023-01-24 00:30,443.67
2023-01-24 00:45,404.22
2023-01-24 01:00,384.54
2023-01-24 01:15,339.57
2023-01-24 01:30,341.91
2023-01-24 01:45,328.69
2023-01-24 02:00,338.96
2023-01-24 02:15,315.98
2023-01-24 02:30,294.92
2023-01-24 02:45,272.3
2023-01-24 03:00,246.03
2023-01-24 03:15,269.71
2023-01-24 03:30,277.44
2023-01-24 03:45,276.88
2023-01-24 04:00,287.76
2023-01-24 04:15,278.76
2023-01-24 04:30,299.69
2023-01-24 04:45,307.5
2023-01-24 05:00,321.31
2023-01-24 05:15,309.9
2023-01-24 05:30,331.47
2023-01-24 05:45,323.72
2023-01-24 06:00,326.21
2023-01-24 06:15,339.03
2023-01-24 06:30,359.06
2023-01-24 06:45,357.48
2023-01-24 07:00,351.89
2023-01-24 07:15,328.83
2023-01-24 07:30,316.95
2023-01-24 07:45,286.78
2023-01-24 08:00,281.59
2023-01-24 08:15,254.72
2023-01-24 08:30,261.71
2023-01-24 08:45,240.81
2023-01-24 09:00,233.32
2023-01-24 09:15,255.3
2023-01-24 09:30,269.51
2023-01-24 09:45,241.76
2023-01-24 10:00,244.89
2023-01-24 10:15,267.49
2023-01-24 10:30,272.33
2023-01-24 10:45,269.4
2023-01-24 11:00,270.44
2023-01-24 11:15,265.91
2023-01-24 11:30,263.8
2023-01-24 11:45,244.78
2023-01-24 12:00,221.76
2023-01-24 12:15,187.94
2023-01-24 12:30,175.9
2023-01-24 12:45,154.68
2023-01-24 13:00,130.85
2023-01-24 13:15,132.05
2023-01-24 13:30,113.26
2023-01-24 13:45,104.47
2023-01-24 14:00,109.27
2023-01-24 14:15,111.42
2023-01-24 14:30,99.56
2023-01-24 14:45,88.9
2023-01-24 15:00,65.08
2023-01-24 15:15,55.97
2023-01-24 15:30,53.16
2023-01-24 15:45,48.58
2023-01-24 16:00,55.9
2023-01-24 16:15,50.34
2023-01-24 16:30,44.1
2023-01-24 16:45,40.61
2023-01-24 17:00,39.69
2023-01-24 17:15,31.53
2023-01-24 17:30,31.67
2023-01-24 17:45,26.5
2023-01-24 18:00,30.01
2023-01-24 18:15,28.82
2023-01-24 18:30,27.37
2023-01-24 18:45,34.01
2023-01-24 19:00,24.8
2023-01-24 19:15,19.53
2023-01-24 19:30,16.16
2023-01-24 19:45,10.54
2023-01-24 20:00,9.62
2023-01-24 20:15,4.46
2023-01-24 20:30,0.01
2023-01-24 20:45,1.7
2023-01-24 21:00,2.42
2023-01-24 21:15,4.91
2023-01-24 21:30,3.58
2023-01-24 21:45,1.7
2023-01-24 22:00,0.0
2023-01-24 22:15,0.29
2023-01-24 22:30,0.0
2023-01-24 22:45,1.72
2023-01-24 23:00,0.0
2023-01-24 23:15,0.0
2023-01-24 23:30,0.0
2023-01-24 23:45,0.0
2023-01-25 00:00,0.0
2023-01-25 00:15,0.0
2023-01-25 00:30,0.0
2023-01-25 00:45,0.0
2023-01-25 01:00,0.0
2023-01-25 01:15,0.0
2023-01-25 01:30,0.0
2023-01-25 01:45,0.0
2023-01-25 02:00,0.0
2023-01-25 02:15,0.0
2023-01-25 02:30,0.0
2023-01-25 02:45,0.0
2023-01-25 03:00,0.0
2023-01-25 03:15,0.0
2023-01-25 03:30,0.0
2023-01-25 03:45,0.0
2023-01-25 04:00,0.0
2023-01-25 04:15,0.0
2023-01-25 04:30,0.0
2023-01-25 04:45,0.0
2023-01-25 05:00,0.0
2023-01-25 05:15,0.0
2023-01-25 05:30,0.0
2023-01-25 05:45,0.0
2023-01-25 06:00,0.0
2023-01-25 06:15,0.0
2023-01-25 06:30,0.0
2023-01-25 06:45,0.0
2023-01-25 07:00,0.0
2023-01-25 07:15,0.0
2023-01-25 07:30,0.0
2023-01-25 07:45,0.0
2023-01-25 08:00,0.0
2023-01-25 08:15,0.0
2023-01-25 08:30,0.0
2023-01-25 08:45,0.0
2023-01-25 09:00,0.0
2023-01-25 09:15,0.0
2023-01-25 09:30,0.0
2023-01-25 09:45,0.0
2023-01-25 10:00,0.0
2023-01-25 10:15,0.0
2023-01-25 10:30,3.2
2023-01-25 10:45,11.67
2023-01-25 11:00,52.08
2023-01-25 11:15,122.58
2023-01-25 11:30,214.98
2023-01-25 11:45,243.48
2023-01-25 12:00,227.73
2023-01-25 12:15,197.61
2023-01-25 12:30,185.06
2023-01-25 12:45,162.81
2023-01-25 13:00,160.12
2023-01-25 13:15,152.51
2023-01-25 13:30,175.59
2023-01-25 13:45,192.66
2023-01-25 14:00,169.15
2023-01-25 14:15,162.16
2023-01-25 14:30,169.63
2023-01-25 14:45,269.52
2023-01-25 15:00,327.61
2023-01-25 15:15,394.51
2023-01-25 15:30,386.91
2023-01-25 15:45,316.09
2023-01-25 16:00,253.24
2023-01-25 16:15,242.97
2023-01-25 16:30,242.24
2023-01-25 16:45,259.53
2023-01-25 17:00,254.91
2023-01-25 17:15,233.33
2023-01-25 17:30,246.8
2023-01-25 17:45,252.25
2023-01-25 18:00,331.89
2023-01-25 18:15,369.86
2023-01-25 18:30,318.05
2023-01-25 18:45,279.67
2023-01-25 19:00,291.29
2023-01-25 19:15,298.57
2023-01-25 19:30,270.03
2023-01-25 19:45,278.59
2023-01-25 20:00,277.47
2023-01-25 20:15,275.75
2023-01-25 20:30,260.26
2023-01-25 20:45,243.13
2023-01-25 21:00,262.79
2023-01-25 21:15,218.82
2023-01-25 21:30,176.2
2023-01-25 21:45,133.32
2023-01-25 22:00,96.38
2023-01-25 22:15,135.45
2023-01-25 22:30,130.79
2023-01-25 22:45,126.7
2023-01-25 23:00,140.39
2023-01-25 23:15,175.0
2023-01-25 23:30,231.1
2023-01-25 23:45,357.51
2023-01-26 00:00,531.02
2023-01-26 00:15,626.7
2023-01-26 00:30,595.08
2023-01-26 00:45,497.2
2023-01-26 01:00,494.25
2023-01-26 01:15,547.24
2023-01-26 01:30,743.15
2023-01-26 01:45,1172.68
2023-01-26 02:00,1782.68
2023-01-26 02:15,2127.93
2023-01-26 02:30,2172.63
2023-01-26 02:45,2184.48
2023-01-26 03:00,2217.84
2023-01-26 03:15,2216.91
2023-01-26 03:30,2200.95
2023-01-26 03:45,2194.73
2023-01-26 04:00,2194.75
2023-01-26 04:15,2192.4
2023-01-26 04:30,2187.92
2023-01-26 04:45,2195.06
2023-01-26 05:00,2191.27
2023-01-26 05:15,2187.35
2023-01-26 05:30,2177.25
2023-01-26 05:45,2177.62
2023-01-26 06:00,2153.99
2023-01-26 06:15,2133.91
2023-01-26 06:30,2118.96
2023-01-26 06:45,2103.38
2023-01-26 07:00,2066.16
2023-01-26 07:15,1942.61
2023-01-26 07:30,1854.06
2023-01-26 07:45,1750.61
2023-01-26 08:00,1687.63
2023-01-26 08:15,1558.93
2023-01-26 08:30,1419.81
2023-01-26 08:45,1327.75
2023-01-26 09:00,1212.24
2023-01-26 09:15,1121.14
2023-01-26 09:30,1015.62
2023-01-26 09:45,1061.95
2023-01-26 10:00,1045.29
2023-01-26 10:15,955.05
2023-01-26 10:30,864.08
2023-01-26 10:45,837.21
2023-01-26 11:00,923.97
2023-01-26 11:15,908.28
2023-01-26 11:30,935.32
2023-01-26 11:45,982.91
2023-01-26 12:00,1069.25
2023-01-26 12:15,1006.55
2023-01-26 12:30,867.07
2023-01-26 12:45,1028.88
2023-01-26 13:00,1047.99
2023-01-26 13:15,1146.07
2023-01-26 13:30,1079.76
2023-01-26 13:45,1052.32
2023-01-26 14:00,1407.21
2023-01-26 14:15,1326.65
2023-01-26 14:30,1409.92
2023-01-26 14:45,1449.5
2023-01-26 15:00,1584.83
2023-01-26 15:15,1538.66
2023-01-26 15:30,1737.63
2023-01-26 15:45,1746.49
2023-01-26 16:00,1837.65
2023-01-26 16:15,1988.72
2023-01-26 16:30,2046.42
2023-01-26 16:45,2044.95
2023-01-26 17:00,1873.21
2023-01-26 17:15,1861.67
2023-01-26 17:30,1781.56
2023-01-26 17:45,1970.48
2023-01-26 18:00,1983.68
2023-01-26 18:15,2021.59
2023-01-26 18:30,2013.53
2023-01-26 18:45,1982.63
2023-01-26 19:00,2045.3
2023-01-26 19:15,2023.34
2023-01-26 19:30,1903.37
2023-01-26 19:45,1949.7
2023-01-26 20:00,1991.16
2023-01-26 20:15,2014.08
2023-01-26 20:30,2062.12
2023-01-26 20:45,2012.04
2023-01-26 21:00,1883.95
2023-01-26 21:15,1858.57
2023-01-26 21:30,1828.48
2023-01-26 21:45,1888.5
2023-01-26 22:00,1818.22
2023-01-26 22:15,1804.55
2023-01-26 22:30,1868.37
2023-01-26 22:45,1813.95
2023-01-26 23:00,1608.31
2023-01-26 23:15,1546.35
2023-01-26 23:30,1566.18
2023-01-26 23:45,1762.6
2023-01-27 00:00,1721.77
2023-01-27 00:15,1744.94
2023-01-27 00:30,1528.23
2023-01-27 00:45,1583.75
2023-01-27 01:00,1597.14
2023-01-27 01:15,1508.58
2023-01-27 01:30,1505.75
2023-01-27 01:45,1565.88
2023-01-27 02:00,1610.61
2023-01-27 02:15,1654.51
2023-01-27 02:30,1644.21
2023-01-27 02:45,1771.81
2023-01-27 03:00,1803.45
2023-01-27 03:15,1615.02
2023-01-27 03:30,1450.04
2023-01-27 03:45,1689.43
2023-01-27 04:00,1686.33
2023-01-27 04:15,1825.34
2023-01-27 04:30,2023.45
2023-01-27 04:45,1991.12
2023-01-27 05:00,2037.25
2023-01-27 05:15,1970.34
2023-01-27 05:30,1909.85
2023-01-27 05:45,1871.99
2023-01-27 06:00,1886.42
2023-01-27 06:15,1849.59
2023-01-27 06:30,1809.7
2023-01-27 06:45,1872.55
2023-01-27 07:00,1816.97
2023-01-27 07:15,1839.31
2023-01-27 07:30,1710.13
2023-01-27 07:45,1554.58
2023-01-27 08:00,1454.47
2023-01-27 08:15,1329.39
2023-01-27 08:30,1344.81
2023-01-27 08:45,1303.22
2023-01-27 09:00,1204.0
2023-01-27 09:15,1131.47
2023-01-27 09:30,1066.2
2023-01-27 09:45,1024.63
2023-01-27 10:00,1020.44
2023-01-27 10:15,994.14
2023-01-27 10:30,1037.83
2023-01-27 10:45,1068.25
2023-01-27 11:00,959.43
2023-01-27 11:15,868.32
2023-01-27 11:30,937.77
2023-01-27 11:45,968.12
2023-01-27 12:00,966.65
2023-01-27 12:15,1009.03
2023-01-27 12:30,1134.84
2023-01-27 12:45,1179.92
2023-01-27 13:00,1106.95
2023-01-27 13:15,1135.3
2023-01-27 13:30,1104.25
2023-01-27 13:45,991.58
2023-01-27 14:00,942.75
2023-01-27 14:15,943.36
2023-01-27 14:30,943.94
2023-01-27 14:45,874.66
2023-01-27 15:00,870.7
2023-01-27 15:15,846.78
2023-01-27 15:30,795.9
2023-01-27 15:45,741.42
2023-01-27 16:00,722.54
2023-01-27 16:15,701.54
2023-01-27 16:30,687.34
2023-01-27 16:45,632.55
2023-01-27 17:00,622.87
2023-01-27 17:15,668.54
2023-01-27 17:30,606.48
2023-01-27 17:45,581.41
2023-01-27 18:00,511.55
2023-01-27 18:15,500.01
2023-01-27 18:30,508.45
2023-01-27 18:45,488.35
2023-01-27 19:00,391.64
2023-01-27 19:15,402.53
2023-01-27 19:30,434.55
2023-01-27 19:45,416.24
2023-01-27 20:00,355.93
2023-01-27 20:15,304.57
2023-01-27 20:30,311.45
2023-01-27 20:45,306.45
2023-01-27 21:00,261.61
2023-01-27 21:15,245.16
2023-01-27 21:30,249.99
2023-01-27 21:45,241.84
2023-01-27 22:00,200.17
2023-01-27 22:15,192.71
2023-01-27 22:30,188.06
2023-01-27 22:45,180.83
2023-01-27 23:00,156.03
2023-01-27 23:15,179.44
2023-01-27 23:30,175.02
2023-01-27 23:45,145.64
2023-01-28 00:00,112.13
2023-01-28 00:15,148.03
2023-01-28 00:30,187.47
2023-01-28 00:45,150.35
2023-01-28 01:00,71.32
2023-01-28 01:15,80.38
2023-01-28 01:30,103.98
2023-01-28 01:45,135.75
2023-01-28 02:00,127.63
2023-01-28 02:15,110.71
2023-01-28 02:30,103.53
2023-01-28 02:45,123.38
2023-01-28 03:00,148.79
2023-01-28 03:15,135.34
2023-01-28 03:30,95.89
2023-01-28 03:45,73.52
2023-01-28 04:00,73.76
2023-01-28 04:15,93.1
2023-01-28 04:30,56.84
2023-01-28 04:45,34.43
2023-01-28 05:00,24.4
2023-01-28 05:15,26.0
2023-01-28 05:30,24.48
2023-01-28 05:45,24.05
2023-01-28 06:00,19.29
2023-01-28 06:15,17.36
2023-01-28 06:30,15.73
2023-01-28 06:45,12.1
2023-01-28 07:00,9.46
2023-01-28 07:15,8.98
2023-01-28 07:30,10.64
2023-01-28 07:45,12.14
2023-01-28 08:00,12.27
2023-01-28 08:15,14.57
2023-01-28 08:30,13.13
2023-01-28 08:45,10.42
2023-01-28 09:00,33.03
2023-01-28 09:15,66.34
2023-01-28 09:30,66.87
2023-01-28 09:45,58.39
2023-01-28 10:00,42.02
2023-01-28 10:15,50.82
2023-01-28 10:30,47.59
2023-01-28 10:45,45.81
2023-01-28 11:00,59.86
2023-01-28 11:15,21.91
2023-01-28 11:30,3.18
2023-01-28 11:45,2.83
2023-01-28 12:00,1.26
2023-01-28 12:15,0.46
2023-01-28 12:30,6.84
2023-01-28 12:45,0.0
2023-01-28 13:00,14.12
2023-01-28 13:15,55.32
2023-01-28 13:30,40.52
2023-01-28 13:45,6.19
2023-01-28 14:00,3.01
2023-01-28 14:15,4.43
2023-01-28 14:30,2.66
2023-01-28 14:45,0.19
2023-01-28 15:00,0.0
2023-01-28 15:15,0.0
2023-01-28 15:30,2.03
2023-01-28 15:45,8.19
2023-01-28 16:00,7.2
2023-01-28 16:15,7.56
2023-01-28 16:30,2.8
2023-01-28 16:45,4.92
2023-01-28 17:00,8.4
2023-01-28 17:15,6.43
2023-01-28 17:30,8.73
2023-01-28 17:45,9.37
2023-01-28 18:00,13.16
2023-01-28 18:15,17.46
2023-01-28 18:30,22.2
2023-01-28 18:45,19.54
2023-01-28 19:00,15.7
2023-01-28 19:15,10.76
2023-01-28 19:30,14.29
2023-01-28 19:45,6.77
2023-01-28 20:00,8.85
2023-01-28 20:15,6.39
2023-01-28 20:30,1.73
2023-01-28 20:45,0.13
2023-01-28 21:00,0.0
2023-01-28 21:15,0.19
2023-01-28 21:30,1.48
2023-01-28 21:45,1.97
2023-01-28 22:00,3.27
2023-01-28 22:15,17.82
2023-01-28 22:30,19.0
2023-01-28 22:45,24.79
2023-01-28 23:00,29.75
2023-01-28 23:15,38.7
2023-01-28 23:30,42.84
2023-01-28 23:45,37.69
2023-01-29 00:00,56.27
2023-01-29 00:15,57.25
2023-01-29 00:30,69.64
2023-01-29 00:45,89.17
2023-01-29 01:00,98.0
2023-01-29 01:15,117.91
2023-01-29 01:30,126.76
2023-01-29 01:45,131.56
2023-01-29 02:00,159.42
2023-01-29 02:15,184.59
2023-01-29 02:30,182.92
2023-01-29 02:45,193.62
2023-01-29 03:00,206.92
2023-01-29 03:15,217.33
2023-01-29 03:30,227.37
2023-01-29 03:45,269.49
2023-01-29 04:00,277.61
2023-01-29 04:15,279.71
2023-01-29 04:30,301.36
2023-01-29 04:45,275.54
2023-01-29 05:00,239.03
2023-01-29 05:15,212.34
2023-01-29 05:30,197.53
2023-01-29 05:45,213.73
2023-01-29 06:00,207.18
2023-01-29 06:15,195.16
2023-01-29 06:30,184.34
2023-01-29 06:45,195.76
2023-01-29 07:00,214.58
2023-01-29 07:15,222.94
2023-01-29 07:30,286.18
2023-01-29 07:45,333.37
2023-01-29 08:00,406.39
2023-01-29 08:15,454.92
2023-01-29 08:30,441.37
2023-01-29 08:45,442.26
2023-01-29 09:00,484.87
2023-01-29 09:15,487.76
2023-01-29 09:30,517.94
2023-01-29 09:45,553.98
2023-01-29 10:00,606.04
2023-01-29 10:15,651.83
2023-01-29 10:30,677.47
2023-01-29 10:45,737.53
2023-01-29 11:00,834.33
2023-01-29 11:15,890.97
2023-01-29 11:30,1005.45
2023-01-29 11:45,1125.1
2023-01-29 12:00,1217.18
2023-01-29 12:15,1322.63
2023-01-29 12:30,1463.12
2023-01-29 12:45,1489.72
2023-01-29 13:00,1542.93
2023-01-29 13:15,1557.35
2023-01-29 13:30,1565.35
2023-01-29 13:45,1673.04
2023-01-29 14:00,1837.98
2023-01-29 14:15,1927.36
2023-01-29 14:30,1952.44
2023-01-29 14:45,1957.65
2023-01-29 15:00,1992.53
2023-01-29 15:15,2003.96
2023-01-29 15:30,2017.43
2023-01-29 15:45,2049.13
2023-01-29 16:00,2051.98
2023-01-29 16:15,2062.5
2023-01-29 16:30,2086.29
2023-01-29 16:45,2123.94
2023-01-29 17:00,2140.67
2023-01-29 17:15,2096.16
2023-01-29 17:30,2052.65
2023-01-29 17:45,2050.81
2023-01-29 18:00,2042.75
2023-01-29 18:15,2051.49
2023-01-29 18:30,2062.45
2023-01-29 18:45,2071.22
2023-01-29 19:00,2072.85
2023-01-29 19:15,2157.6
2023-01-29 19:30,2155.87
2023-01-29 19:45,2174.65
2023-01-29 20:00,2187.16
2023-01-29 20:15,2208.38
2023-01-29 20:30,2186.62
2023-01-29 20:45,2145.31
2023-01-29 21:00,2168.89
2023-01-29 21:15,2055.54
2023-01-29 21:30,2007.92
2023-01-29 21:45,2033.36
2023-01-29 22:00,2134.1
2023-01-29 22:15,2161.22
2023-01-29 22:30,2175.32
2023-01-29 22:45,2188.37
2023-01-29 23:00,2217.15
2023-01-29 23:15,2224.08
2023-01-29 23:30,2223.1
2023-01-29 23:45,2219.66
2023-01-30 00:00,2213.53
2023-01-30 00:15,2167.51
2023-01-30 00:30,2097.49
2023-01-30 00:45,2075.05
2023-01-30 01:00,2059.02
2023-01-30 01:15,2031.91
2023-01-30 01:30,2155.2
2023-01-30 01:45,2192.4
2023-01-30 02:00,2191.98
2023-01-30 02:15,2196.93
2023-01-30 02:30,2183.06
2023-01-30 02:45,2187.6
2023-01-30 03:00,2178.96
2023-01-30 03:15,2159.11
2023-01-30 03:30,2174.11
2023-01-30 03:45,2197.13
2023-01-30 04:00,2202.58
2023-01-30 04:15,2210.52
2023-01-30 04:30,2198.45
2023-01-30 04:45,2178.76
2023-01-30 05:00,2167.93
2023-01-30 05:15,2139.86
2023-01-30 05:30,2065.52
2023-01-30 05:45,1930.88
2023-01-30 06:00,1959.86
2023-01-30 06:15,2065.08
2023-01-30 06:30,2182.85
2023-01-30 06:45,2175.79
2023-01-30 07:00,2165.04
2023-01-30 07:15,2195.67
2023-01-30 07:30,2205.9
2023-01-30 07:45,2217.07
2023-01-30 08:00,2226.56
2023-01-30 08:15,2224.25
2023-01-30 08:30,2224.33
2023-01-30 08:45,2216.1
2023-01-30 09:00,2217.84
2023-01-30 09:15,2215.56
2023-01-30 09:30,2211.23
2023-01-30 09:45,2209.98
2023-01-30 10:00,2209.19
2023-01-30 10:15,2212.69
2023-01-30 10:30,2213.32
2023-01-30 10:45,2201.94
2023-01-30 11:00,2172.23
2023-01-30 11:15,2120.47
2023-01-30 11:30,2099.94
2023-01-30 11:45,2003.57
2023-01-30 12:00,1924.38
2023-01-30 12:15,1917.19
2023-01-30 12:30,1853.13
2023-01-30 12:45,1737.78
2023-01-30 13:00,1731.75
2023-01-30 13:15,1623.6
2023-01-30 13:30,1532.9
2023-01-30 13:45,1448.73
2023-01-30 14:00,1419.36
2023-01-30 14:15,1400.06
2023-01-30 14:30,1298.39
2023-01-30 14:45,1278.86
2023-01-30 15:00,1240.44
2023-01-30 15:15,1023.87
2023-01-30 15:30,923.43
2023-01-30 15:45,923.55
2023-01-30 16:00,874.81
2023-01-30 16:15,814.2
2023-01-30 16:30,625.91
2023-01-30 16:45,533.44
2023-01-30 17:00,509.3
2023-01-30 17:15,495.79
2023-01-30 17:30,460.61
2023-01-30 17:45,371.18
2023-01-30 18:00,258.22
2023-01-30 18:15,183.93
2023-01-30 18:30,173.58
2023-01-30 18:45,147.11
2023-01-30 19:00,175.72
2023-01-30 19:15,225.33
2023-01-30 19:30,267.34
2023-01-30 19:45,319.09
2023-01-30 20:00,283.43
2023-01-30 20:15,281.13
2023-01-30 20:30,239.91
2023-01-30 20:45,290.47
2023-01-30 21:00,336.18
2023-01-30 21:15,401.17
2023-01-30 21:30,433.38
2023-01-30 21:45,420.55
2023-01-30 22:00,487.87
2023-01-30 22:15,621.27
2023-01-30 22:30,619.78
2023-01-30 22:45,604.29
2023-01-30 23:00,571.52
2023-01-30 23:15,656.38
2023-01-30 23:30,694.13
2023-01-30 23:45,684.34
2023-01-31 00:00,673.1
2023-01-31 00:15,554.74
2023-01-31 00:30,596.1
2023-01-31 00:45,678.44
2023-01-31 01:00,843.71
2023-01-31 01:15,994.09
2023-01-31 01:30,1137.92
2023-01-31 01:45,1178.8
2023-01-31 02:00,1203.65
2023-01-31 02:15,1186.25
2023-01-31 02:30,1141.29
2023-01-31 02:45,1039.38
2023-01-31 03:00,1434.46
2023-01-31 03:15,1461.75
2023-01-31 03:30,1455.9
2023-01-31 03:45,1364.02
2023-01-31 04:00,1397.43
2023-01-31 04:15,1457.46
2023-01-31 04:30,1577.53
2023-01-31 04:45,1759.65
2023-01-31 05:00,1894.53
2023-01-31 05:15,1990.39
2023-01-31 05:30,2001.15
2023-01-31 05:45,1955.35
2023-01-31 06:00,1887.93
2023-01-31 06:15,1843.28
2023-01-31 06:30,1876.18
2023-01-31 06:45,1678.44
2023-01-31 07:00,1562.19
2023-01-31 07:15,1656.61
2023-01-31 07:30,1680.36
2023-01-31 07:45,1718.26
2023-01-31 08:00,1812.01
2023-01-31 08:15,1853.87
2023-01-31 08:30,1923.01
2023-01-31 08:45,2022.52
2023-01-31 09:00,2089.02
2023-01-31 09:15,2118.38
2023-01-31 09:30,2112.13
2023-01-31 09:45,2106.27
2023-01-31 10:00,2159.27
2023-01-31 10:15,2176.52
2023-01-31 10:30,2151.51
2023-01-31 10:45,2156.18
2023-01-31 11:00,2165.33
2023-01-31 11:15,2200.1
2023-01-31 11:30,2213.48
2023-01-31 11:45,2215.08
2023-01-31 12:00,2220.18
2023-01-31 12:15,2201.93
2023-01-31 12:30,2214.51
2023-01-31 12:45,2202.64
2023-01-31 13:00,2170.47
2023-01-31 13:15,2166.04
2023-01-31 13:30,2165.89
2023-01-31 13:45,2197.5
2023-01-31 14:00,2198.84
2023-01-31 14:15,2153.36
2023-01-31 14:30,2138.28
2023-01-31 14:45,2115.4
2023-01-31 15:00,2070.95
2023-01-31 15:15,2027.81
2023-01-31 15:30,1708.23
2023-01-31 15:45,1307.39
2023-01-31 16:00,1017.97
2023-01-31 16:15,870.45
2023-01-31 16:30,702.6
2023-01-31 16:45,615.08
2023-01-31 17:00,547.18
2023-01-31 17:15,528.15
2023-01-31 17:30,432.99
2023-01-31 17:45,653.03
2023-01-31 18:00,1028.46
2023-01-31 18:15,1067.8
2023-01-31 18:30,920.93
2023-01-31 18:45,1123.8
2023-01-31 19:00,1658.93
2023-01-31 19:15,1904.92
2023-01-31 19:30,1631.87
2023-01-31 19:45,1297.53
2023-01-31 20:00,1087.69
2023-01-31 20:15,919.66
2023-01-31 20:30,811.22
2023-01-31 20:45,956.91
2023-01-31 21:00,1254.07
2023-01-31 21:15,1472.13
2023-01-31 21:30,1584.64
2023-01-31 21:45,1662.01
2023-01-31 22:00,1809.65
2023-01-31 22:15,1832.29
2023-01-31 22:30,1764.88
2023-01-31 22:45,1847.13
2023-01-31 23:00,2081.26
2023-01-31 23:15,2173.6
2023-01-31 23:30,2182.78
2023-01-31 23:45,2202.57
2023-02-01 00:00,2219.23
2023-02-01 00:15,2222.01
2023-02-01 00:30,2222.2
2023-02-01 00:45,2221.62
2023-02-01 01:00,2222.04
2023-02-01 01:15,2220.37
2023-02-01 01:30,2213.73
2023-02-01 01:45,2212.21
2023-02-01 02:00,2206.69
2023-02-01 02:15,2207.34
2023-02-01 02:30,2210.83
2023-02-01 02:45,2207.66
2023-02-01 03:00,2209.79
2023-02-01 03:15,2212.83
2023-02-01 03:30,2212.86
2023-02-01 03:45,2211.61
2023-02-01 04:00,2209.37
2023-02-01 04:15,2209.61
2023-02-01 04:30,2210.71
2023-02-01 04:45,2210.56
2023-02-01 05:00,2212.03
2023-02-01 05:15,2211.59
2023-02-01 05:30,2212.61
2023-02-01 05:45,2213.23
2023-02-01 06:00,2213.33
2023-02-01 06:15,2212.24
2023-02-01 06:30,2209.87
2023-02-01 06:45,2209.9
2023-02-01 07:00,2210.13
2023-02-01 07:15,2208.08
2023-02-01 07:30,2208.03
2023-02-01 07:45,2207.11
2023-02-01 08:00,2207.45
2023-02-01 08:15,2206.69
2023-02-01 08:30,2206.85
2023-02-01 08:45,2206.02
2023-02-01 09:00,2207.08
2023-02-01 09:15,2206.15
2023-02-01 09:30,2206.16
2023-02-01 09:45,2205.82
2023-02-01 10:00,2207.78
2023-02-01 10:15,2113.54
2023-02-01 10:30,2198.15
2023-02-01 10:45,2175.53
2023-02-01 11:00,2183.75
2023-02-01 11:15,2208.46
2023-02-01 11:30,2208.03
2023-02-01 11:45,2208.18
2023-02-01 12:00,2208.45
2023-02-01 12:15,2208.12
2023-02-01 12:30,2206.82
2023-02-01 12:45,2208.23
2023-02-01 13:00,2206.15
2023-02-01 13:15,2207.45
2023-02-01 13:30,2208.09
2023-02-01 13:45,2205.51
2023-02-01 14:00,2201.67
2023-02-01 14:15,2201.39
2023-02-01 14:30,2203.92
2023-02-01 14:45,2192.21
2023-02-01 15:00,2187.05
2023-02-01 15:15,2175.81
2023-02-01 15:30,2173.85
2023-02-01 15:45,2150.25
2023-02-01 16:00,2139.72
2023-02-01 16:15,2183.28
2023-02-01 16:30,2208.25
2023-02-01 16:45,2209.62
2023-02-01 17:00,2211.39
2023-02-01 17:15,2212.15
2023-02-01 17:30,2211.58
2023-02-01 17:45,2211.7
2023-02-01 18:00,2211.14
2023-02-01 18:15,2197.86
2023-02-01 18:30,2189.58
2023-02-01 18:45,2192.84
2023-02-01 19:00,2193.85
2023-02-01 19:15,2196.92
2023-02-01 19:30,2198.8
2023-02-01 19:45,2198.89
2023-02-01 20:00,2198.22
2023-02-01 20:15,2203.99
2023-02-01 20:30,2212.71
2023-02-01 20:45,2215.34
2023-02-01 21:00,2204.85
2023-02-01 21:15,2209.19
2023-02-01 21:30,2208.48
2023-02-01 21:45,2213.79
2023-02-01 22:00,2213.99
2023-02-01 22:15,2217.58
2023-02-01 22:30,2216.6
2023-02-01 22:45,2223.05
2023-02-01 23:00,2220.11
2023-02-01 23:15,2222.32
2023-02-01 23:30,2222.23
2023-02-01 23:45,2222.02
2023-02-02 00:00,2220.96
2023-02-02 00:15,2222.38
2023-02-02 00:30,2221.08
2023-02-02 00:45,2220.78
2023-02-02 01:00,2209.88
2023-02-02 01:15,2196.87
2023-02-02 01:30,2189.53
2023-02-02 01:45,2200.42
2023-02-02 02:00,2215.22
2023-02-02 02:15,2205.78
2023-02-02 02:30,2167.78
2023-02-02 02:45,2118.2
2023-02-02 03:00,2093.4
2023-02-02 03:15,2134.4
2023-02-02 03:30,2184.59
2023-02-02 03:45,2205.77
2023-02-02 04:00,2204.07
2023-02-02 04:15,2188.85
2023-02-02 04:30,2133.89
2023-02-02 04:45,2090.06
2023-02-02 05:00,2007.33
2023-02-02 05:15,2053.45
2023-02-02 05:30,2131.14
2023-02-02 05:45,2084.62
2023-02-02 06:00,2078.02
2023-02-02 06:15,2069.29
2023-02-02 06:30,1994.61
2023-02-02 06:45,1948.63
2023-02-02 07:00,1997.53
2023-02-02 07:15,2004.33
2023-02-02 07:30,1881.46
2023-02-02 07:45,1926.76
2023-02-02 08:00,1981.78
2023-02-02 08:15,2022.18
2023-02-02 08:30,1990.37
2023-02-02 08:45,1886.84
2023-02-02 09:00,1809.65
2023-02-02 09:15,1870.4
2023-02-02 09:30,1791.31
2023-02-02 09:45,1786.56
2023-02-02 10:00,1792.4
2023-02-02 10:15,1660.67
2023-02-02 10:30,1570.03
2023-02-02 10:45,1566.69
2023-02-02 11:00,1656.13
2023-02-02 11:15,1725.85
2023-02-02 11:30,1824.19
2023-02-02 11:45,1828.49
2023-02-02 12:00,1820.3
2023-02-02 12:15,1858.73
2023-02-02 12:30,1894.69
2023-02-02 12:45,1902.97
2023-02-02 13:00,1813.52
2023-02-02 13:15,1788.42
2023-02-02 13:30,1749.25
2023-02-02 13:45,1710.88
2023-02-02 14:00,1642.72
2023-02-02 14:15,1591.35
2023-02-02 14:30,1682.76
2023-02-02 14:45,1768.85
2023-02-02 15:00,1853.3
2023-02-02 15:15,1945.35
2023-02-02 15:30,2018.39
2023-02-02 15:45,2007.53
2023-02-02 16:00,2076.8
2023-02-02 16:15,2036.96
2023-02-02 16:30,2101.4
2023-02-02 16:45,2131.28
2023-02-02 17:00,2035.1
2023-02-02 17:15,2077.79
2023-02-02 17:30,2123.04
2023-02-02 17:45,2104.63
2023-02-02 18:00,2105.84
2023-02-02 18:15,2117.01
2023-02-02 18:30,2119.09
2023-02-02 18:45,2170.76
2023-02-02 19:00,2210.68
2023-02-02 19:15,2203.31
2023-02-02 19:30,2192.53
2023-02-02 19:45,2214.4
2023-02-02 20:00,2211.48
2023-02-02 20:15,2202.19
2023-02-02 20:30,2165.44
2023-02-02 20:45,2151.83
2023-02-02 21:00,2163.01
2023-02-02 21:15,2185.23
2023-02-02 21:30,2191.78
2023-02-02 21:45,2185.19
2023-02-02 22:00,2194.25
2023-02-02 22:15,2177.12
2023-02-02 22:30,2172.98
2023-02-02 22:45,2184.65
2023-02-02 23:00,2212.11
2023-02-02 23:15,2211.96
2023-02-02 23:30,2210.15
2023-02-02 23:45,2202.89
2023-02-03 00:00,2195.28
2023-02-03 00:15,2197.08
2023-02-03 00:30,2197.62
2023-02-03 00:45,2191.05
2023-02-03 01:00,2185.95
2023-02-03 01:15,2193.98
2023-02-03 01:30,2195.71
2023-02-03 01:45,2210.64
2023-02-03 02:00,2215.39
2023-02-03 02:15,2215.6
2023-02-03 02:30,2214.07
2023-02-03 02:45,2208.01
2023-02-03 03:00,2211.52
2023-02-03 03:15,2209.98
2023-02-03 03:30,2202.34
2023-02-03 03:45,2200.67
2023-02-03 04:00,2179.14
2023-02-03 04:15,2187.83
2023-02-03 04:30,2182.17
2023-02-03 04:45,2191.15
2023-02-03 05:00,2172.39
2023-02-03 05:15,2153.81
2023-02-03 05:30,2094.48
2023-02-03 05:45,2067.42
2023-02-03 06:00,2091.77
2023-02-03 06:15,2110.95
2023-02-03 06:30,2138.91
2023-02-03 06:45,2175.64
2023-02-03 07:00,2187.01
2023-02-03 07:15,2191.86
2023-02-03 07:30,2144.29
2023-02-03 07:45,2122.13
2023-02-03 08:00,2144.49
2023-02-03 08:15,2143.94
2023-02-03 08:30,2040.36
2023-02-03 08:45,1878.45
2023-02-03 09:00,1866.86
2023-02-03 09:15,1872.29
2023-02-03 09:30,1910.95
2023-02-03 09:45,1890.52
2023-02-03 10:00,1868.9
2023-02-03 10:15,1856.59
2023-02-03 10:30,1795.84
2023-02-03 10:45,1710.45
2023-02-03 11:00,1674.93
2023-02-03 11:15,1603.23
2023-02-03 11:30,1556.33
2023-02-03 11:45,1445.32
2023-02-03 12:00,1292.24
2023-02-03 12:15,1201.33
2023-02-03 12:30,1182.71
2023-02-03 12:45,1109.91
2023-02-03 13:00,1035.24
2023-02-03 13:15,982.68
2023-02-03 13:30,1036.27
2023-02-03 13:45,1018.26
2023-02-03 14:00,969.1
2023-02-03 14:15,928.21
2023-02-03 14:30,829.32
2023-02-03 14:45,753.25
2023-02-03 15:00,753.44
2023-02-03 15:15,737.02
2023-02-03 15:30,805.34
2023-02-03 15:45,789.67
2023-02-03 16:00,755.42
2023-02-03 16:15,745.7
2023-02-03 16:30,712.43
2023-02-03 16:45,673.58
2023-02-03 17:00,714.79
2023-02-03 17:15,674.8
2023-02-03 17:30,626.46
2023-02-03 17:45,678.76
2023-02-03 18:00,647.08
2023-02-03 18:15,622.53
2023-02-03 18:30,623.4
2023-02-03 18:45,661.51
2023-02-03 19:00,722.4
2023-02-03 19:15,759.62
2023-02-03 19:30,876.72
2023-02-03 19:45,906.81
2023-02-03 20:00,862.08
2023-02-03 20:15,816.4
2023-02-03 20:30,730.66
2023-02-03 20:45,678.75
2023-02-03 21:00,644.61
2023-02-03 21:15,656.04
2023-02-03 21:30,592.44
2023-02-03 21:45,480.77
2023-02-03 22:00,402.32
2023-02-03 22:15,342.95
2023-02-03 22:30,311.27
2023-02-03 22:45,375.34
2023-02-03 23:00,452.95
2023-02-03 23:15,443.0
2023-02-03 23:30,438.3
2023-02-03 23:45,413.1
2023-02-04 00:00,336.54
2023-02-04 00:15,308.1
2023-02-04 00:30,362.72
2023-02-04 00:45,411.01
2023-02-04 01:00,399.4
2023-02-04 01:15,315.69
2023-02-04 01:30,268.09
2023-02-04 01:45,233.21
2023-02-04 02:00,194.98
2023-02-04 02:15,178.65
2023-02-04 02:30,145.44
2023-02-04 02:45,142.37
2023-02-04 03:00,158.03
2023-02-04 03:15,167.46
2023-02-04 03:30,149.04
2023-02-04 03:45,169.53
2023-02-04 04:00,168.85
2023-02-04 04:15,143.14
2023-02-04 04:30,119.81
2023-02-04 04:45,101.43
2023-02-04 05:00,86.18
2023-02-04 05:15,60.96
2023-02-04 05:30,44.61
2023-02-04 05:45,34.77
2023-02-04 06:00,31.2
2023-02-04 06:15,32.71
2023-02-04 06:30,23.72
2023-02-04 06:45,20.36
2023-02-04 07:00,20.96
2023-02-04 07:15,22.58
2023-02-04 07:30,27.75
2023-02-04 07:45,30.23
2023-02-04 08:00,35.26
2023-02-04 08:15,31.03
2023-02-04 08:30,31.41
2023-02-04 08:45,23.15
2023-02-04 09:00,16.29
2023-02-04 09:15,14.03
2023-02-04 09:30,15.22
2023-02-04 09:45,13.67
2023-02-04 10:00,11.66
2023-02-04 10:15,9.32
2023-02-04 10:30,9.45
2023-02-04 10:45,11.65
2023-02-04 11:00,10.61
2023-02-04 11:15,11.93
2023-02-04 11:30,12.42
2023-02-04 11:45,13.36
2023-02-04 12:00,16.04
2023-02-04 12:15,13.0
2023-02-04 12:30,12.83
2023-02-04 12:45,12.52
2023-02-04 13:00,17.21
2023-02-04 13:15,23.5
2023-02-04 13:30,28.2
2023-02-04 13:45,32.13
2023-02-04 14:00,27.39
2023-02-04 14:15,20.73
2023-02-04 14:30,14.31
2023-02-04 14:45,12.7
2023-02-04 15:00,13.8
2023-02-04 15:15,16.13
2023-02-04 15:30,20.15
2023-02-04 15:45,32.96
2023-02-04 16:00,40.81
2023-02-04 16:15,50.1
2023-02-04 16:30,57.61
2023-02-04 16:45,58.31
2023-02-04 17:00,52.08
2023-02-04 17:15,55.95
2023-02-04 17:30,47.66
2023-02-04 17:45,43.76
2023-02-04 18:00,58.45
2023-02-04 18:15,89.19
2023-02-04 18:30,87.68
2023-02-04 18:45,96.79
2023-02-04 19:00,116.15
2023-02-04 19:15,134.9
2023-02-04 19:30,165.05
2023-02-04 19:45,175.46
2023-02-04 20:00,200.28
2023-02-04 20:15,208.51
2023-02-04 20:30,128.24
2023-02-04 20:45,78.31
2023-02-04 21:00,69.43
2023-02-04 21:15,73.95
2023-02-04 21:30,92.2
2023-02-04 21:45,88.35
2023-02-04 22:00,154.47
2023-02-04 22:15,255.06
2023-02-04 22:30,228.4
2023-02-04 22:45,237.87
2023-02-04 23:00,308.08
2023-02-04 23:15,321.85
2023-02-04 23:30,315.0
2023-02-04 23:45,393.03
2023-02-05 00:00,522.11
2023-02-05 00:15,562.15
2023-02-05 00:30,557.02
2023-02-05 00:45,609.96
2023-02-05 01:00,551.95
2023-02-05 01:15,565.56
2023-02-05 01:30,610.1
2023-02-05 01:45,628.47
2023-02-05 02:00,638.36
2023-02-05 02:15,596.53
2023-02-05 02:30,616.58
2023-02-05 02:45,680.19
2023-02-05 03:00,655.42
2023-02-05 03:15,834.47
2023-02-05 03:30,1390.07
2023-02-05 03:45,2004.88
2023-02-05 04:00,2118.57
2023-02-05 04:15,2141.22
2023-02-05 04:30,2217.95
2023-02-05 04:45,2213.09
2023-02-05 05:00,2200.28
2023-02-05 05:15,2191.12
2023-02-05 05:30,2190.95
2023-02-05 05:45,2194.27
2023-02-05 06:00,2184.28
2023-02-05 06:15,2183.49
2023-02-05 06:30,2181.34
2023-02-05 06:45,2164.97
2023-02-05 07:00,2189.24
2023-02-05 07:15,2198.84
2023-02-05 07:30,2195.86
2023-02-05 07:45,2203.2
2023-02-05 08:00,2206.44
2023-02-05 08:15,2211.31
2023-02-05 08:30,2212.62
2023-02-05 08:45,2221.18
2023-02-05 09:00,2219.27
2023-02-05 09:15,2205.77
2023-02-05 09:30,2181.25
2023-02-05 09:45,2110.45
2023-02-05 10:00,2103.84
2023-02-05 10:15,2172.24
2023-02-05 10:30,2187.09
2023-02-05 10:45,2158.2
2023-02-05 11:00,2153.39
2023-02-05 11:15,2074.17
2023-02-05 11:30,2000.57
2023-02-05 11:45,2041.46
2023-02-05 12:00,2031.26
2023-02-05 12:15,2033.47
2023-02-05 12:30,2014.43
2023-02-05 12:45,1978.2
2023-02-05 13:00,1967.67
2023-02-05 13:15,1928.2
2023-02-05 13:30,1779.54
2023-02-05 13:45,1528.59
2023-02-05 14:00,1430.25
2023-02-05 14:15,1457.57
2023-02-05 14:30,1551.47
2023-02-05 14:45,1573.12
2023-02-05 15:00,1527.58
2023-02-05 15:15,1355.32
2023-02-05 15:30,1297.56
2023-02-05 15:45,1239.83
2023-02-05 16:00,1147.69
2023-02-05 16:15,1099.9
2023-02-05 16:30,989.13
2023-02-05 16:45,901.59
2023-02-05 17:00,925.32
2023-02-05 17:15,929.71
2023-02-05 17:30,964.01
2023-02-05 17:45,924.97
2023-02-05 18:00,804.4
2023-02-05 18:15,791.39
2023-02-05 18:30,763.64
2023-02-05 18:45,743.02
2023-02-05 19:00,704.02
2023-02-05 19:15,697.61
2023-02-05 19:30,691.07
2023-02-05 19:45,611.18
2023-02-05 20:00,574.6
2023-02-05 20:15,531.85
2023-02-05 20:30,523.32
2023-02-05 20:45,498.35
2023-02-05 21:00,478.87
2023-02-05 21:15,433.71
2023-02-05 21:30,381.86
2023-02-05 21:45,347.74
2023-02-05 22:00,323.99
2023-02-05 22:15,315.2
2023-02-05 22:30,309.58
2023-02-05 22:45,291.61
2023-02-05 23:00,288.18
2023-02-05 23:15,307.62
2023-02-05 23:30,294.93
2023-02-05 23:45,256.09
2023-02-06 00:00,239.84
2023-02-06 00:15,215.37
2023-02-06 00:30,178.77
2023-02-06 00:45,164.83
2023-02-06 01:00,143.18
2023-02-06 01:15,97.86
2023-02-06 01:30,58.94
2023-02-06 01:45,36.57
2023-02-06 02:00,29.73
2023-02-06 02:15,25.22
2023-02-06 02:30,16.99
2023-02-06 02:45,21.29
2023-02-06 03:00,8.49
2023-02-06 03:15,8.2
2023-02-06 03:30,7.82
2023-02-06 03:45,6.36
2023-02-06 04:00,7.82
2023-02-06 04:15,9.86
2023-02-06 04:30,5.14
2023-02-06 04:45,0.0
2023-02-06 05:00,0.0
2023-02-06 05:15,0.0
2023-02-06 05:30,0.0
2023-02-06 05:45,0.0
2023-02-06 06:00,0.0
2023-02-06 06:15,0.0
2023-02-06 06:30,0.0
2023-02-06 06:45,0.0
2023-02-06 07:00,0.0
2023-02-06 07:15,0.0
2023-02-06 07:30,0.0
2023-02-06 07:45,0.0
2023-02-06 08:00,0.0
2023-02-06 08:15,0.0
2023-02-06 08:30,0.0
2023-02-06 08:45,0.0
2023-02-06 09:00,0.0
2023-02-06 09:15,0.0
2023-02-06 09:30,0.0
2023-02-06 09:45,0.0
2023-02-06 10:00,0.0
2023-02-06 10:15,0.0
2023-02-06 10:30,0.0
2023-02-06 10:45,0.0
2023-02-06 11:00,0.0
2023-02-06 11:15,0.0
2023-02-06 11:30,0.0
2023-02-06 11:45,0.0
2023-02-06 12:00,0.0
2023-02-06 12:15,0.0
2023-02-06 12:30,0.0
2023-02-06 12:45,0.0
2023-02-06 13:00,0.0
2023-02-06 13:15,0.0
2023-02-06 13:30,0.0
2023-02-06 13:45,0.0
2023-02-06 14:00,0.0
2023-02-06 14:15,0.0
2023-02-06 14:30,0.0
2023-02-06 14:45,0.0
2023-02-06 15:00,0.0
2023-02-06 15:15,0.0
2023-02-06 15:30,0.0
2023-02-06 15:45,0.0
2023-02-06 16:00,0.0
2023-02-06 16:15,0.0
2023-02-06 16:30,3.23
2023-02-06 16:45,11.96
2023-02-06 17:00,43.99
2023-02-06 17:15,118.21
2023-02-06 17:30,145.84
2023-02-06 17:45,76.82
2023-02-06 18:00,31.23
2023-02-06 18:15,25.08
2023-02-06 18:30,32.21
2023-02-06 18:45,49.46
2023-02-06 19:00,40.69
2023-02-06 19:15,14.39
2023-02-06 19:30,7.76
2023-02-06 19:45,5.43
2023-02-06 20:00,0.65
2023-02-06 20:15,0.0
2023-02-06 20:30,0.0
2023-02-06 20:45,0.0
2023-02-06 21:00,0.0
2023-02-06 21:15,0.0
2023-02-06 21:30,0.0
2023-02-06 21:45,0.0
2023-02-06 22:00,0.0
2023-02-06 22:15,0.0
2023-02-06 22:30,0.0
2023-02-06 22:45,0.0
2023-02-06 23:00,0.0
2023-02-06 23:15,0.0
2023-02-06 23:30,0.0
2023-02-06 23:45,0.0
2023-02-07 00:00,0.0
2023-02-07 00:15,0.0
2023-02-07 00:30,0.0
2023-02-07 00:45,0.0
2023-02-07 01:00,0.0
2023-02-07 01:15,0.0
2023-02-07 01:30,0.0
2023-02-07 01:45,0.0
2023-02-07 02:00,0.0
2023-02-07 02:15,0.0
2023-02-07 02:30,0.0
2023-02-07 02:45,0.0
2023-02-07 03:00,0.0
2023-02-07 03:15,0.0
2023-02-07 03:30,1.3800000000000001
2023-02-07 03:45,0.0
2023-02-07 04:00,0.27
2023-02-07 04:15,0.0
2023-02-07 04:30,0.0
2023-02-07 04:45,0.08
2023-02-07 05:00,4.96
2023-02-07 05:15,8.97
2023-02-07 05:30,13.95
2023-02-07 05:45,4.16
2023-02-07 06:00,3.41
2023-02-07 06:15,3.58
2023-02-07 06:30,8.67
2023-02-07 06:45,19.31
2023-02-07 07:00,22.21
2023-02-07 07:15,30.6
2023-02-07 07:30,44.39
2023-02-07 07:45,33.46
2023-02-07 08:00,20.57
2023-02-07 08:15,19.69
2023-02-07 08:30,13.63
2023-02-07 08:45,4.34
2023-02-07 09:00,0.85
2023-02-07 09:15,0.74
2023-02-07 09:30,0.34
2023-02-07 09:45,0.0
2023-02-07 10:00,0.0
2023-02-07 10:15,0.0
2023-02-07 10:30,0.0
2023-02-07 10:45,0.0
2023-02-07 11:00,0.0
2023-02-07 11:15,0.0
2023-02-07 11:30,0.0
2023-02-07 11:45,0.0
2023-02-07 12:00,0.0
2023-02-07 12:15,0.0
2023-02-07 12:30,0.0
2023-02-07 12:45,0.0
2023-02-07 13:00,0.0
2023-02-07 13:15,0.0
2023-02-07 13:30,0.0
2023-02-07 13:45,0.0
2023-02-07 14:00,0.0
2023-02-07 14:15,0.0
2023-02-07 14:30,0.0
2023-02-07 14:45,0.0
2023-02-07 15:00,0.0
2023-02-07 15:15,0.0
2023-02-07 15:30,0.0
2023-02-07 15:45,0.0
2023-02-07 16:00,0.0
2023-02-07 16:15,0.0
2023-02-07 16:30,0.0
2023-02-07 16:45,0.0
2023-02-07 17:00,0.0
2023-02-07 17:15,0.0
2023-02-07 17:30,0.0
2023-02-07 17:45,0.77
2023-02-07 18:00,3.55
2023-02-07 18:15,2.74
2023-02-07 18:30,0.0
2023-02-07 18:45,0.0
2023-02-07 19:00,0.25
2023-02-07 19:15,2.84
2023-02-07 19:30,2.78
2023-02-07 19:45,0.0
2023-02-07 20:00,0.0
2023-02-07 20:15,0.0
2023-02-07 20:30,0.0
2023-02-07 20:45,0.0
2023-02-07 21:00,0.0
2023-02-07 21:15,0.0
2023-02-07 21:30,0.0
2023-02-07 21:45,0.59
2023-02-07 22:00,0.0
2023-02-07 22:15,0.0
2023-02-07 22:30,0.0
2023-02-07 22:45,0.0
2023-02-07 23:00,0.0
2023-02-07 23:15,0.0
2023-02-07 23:30,0.0
2023-02-07 23:45,0.0
2023-02-08 00:00,0.0
2023-02-08 00:15,0.0
2023-02-08 00:30,0.0
2023-02-08 00:45,0.0
2023-02-08 01:00,0.0
2023-02-08 01:15,0.0
2023-02-08 01:30,0.0
2023-02-08 01:45,0.0
2023-02-08 02:00,0.0
2023-02-08 02:15,0.0
2023-02-08 02:30,0.0
2023-02-08 02:45,0.0
2023-02-08 03:00,0.0
2023-02-08 03:15,0.0
2023-02-08 03:30,0.0
2023-02-08 03:45,0.0
2023-02-08 04:00,4.4
2023-02-08 04:15,7.07
2023-02-08 04:30,6.38
2023-02-08 04:45,3.56
2023-02-08 05:00,1.08
2023-02-08 05:15,0.0
2023-02-08 05:30,0.0
2023-02-08 05:45,0.0
2023-02-08 06:00,0.0
2023-02-08 06:15,0.0
2023-02-08 06:30,0.0
2023-02-08 06:45,0.0
2023-02-08 07:00,0.0
2023-02-08 07:15,0.0
2023-02-08 07:30,0.0
2023-02-08 07:45,0.0
2023-02-08 08:00,4.38
2023-02-08 08:15,8.63
2023-02-08 08:30,6.08
2023-02-08 08:45,0.8
2023-02-08 09:00,4.66
2023-02-08 09:15,5.07
2023-02-08 09:30,14.23
2023-02-08 09:45,7.2
2023-02-08 10:00,3.08
2023-02-08 10:15,2.33
2023-02-08 10:30,4.61
2023-02-08 10:45,11.41
2023-02-08 11:00,16.29
2023-02-08 11:15,20.03
2023-02-08 11:30,26.0
2023-02-08 11:45,43.64
2023-02-08 12:00,50.11
2023-02-08 12:15,42.95
2023-02-08 12:30,30.13
2023-02-08 12:45,19.62
2023-02-08 13:00,15.84
2023-02-08 13:15,10.17
2023-02-08 13:30,8.83
2023-02-08 13:45,16.56
2023-02-08 14:00,18.42
2023-02-08 14:15,25.87
2023-02-08 14:30,25.02
2023-02-08 14:45,20.55
2023-02-08 15:00,11.67
2023-02-08 15:15,13.3
2023-02-08 15:30,23.42
2023-02-08 15:45,37.37
2023-02-08 16:00,58.14
2023-02-08 16:15,58.59
2023-02-08 16:30,34.52
2023-02-08 16:45,32.66
2023-02-08 17:00,34.24
2023-02-08 17:15,38.71
2023-02-08 17:30,43.34
2023-02-08 17:45,36.86
2023-02-08 18:00,52.79
2023-02-08 18:15,45.05
2023-02-08 18:30,38.73
2023-02-08 18:45,41.36
2023-02-08 19:00,51.84
2023-02-08 19:15,66.11
2023-02-08 19:30,68.36
2023-02-08 19:45,67.99
2023-02-08 20:00,66.4
2023-02-08 20:15,66.06
2023-02-08 20:30,69.76
2023-02-08 20:45,89.95
2023-02-08 21:00,91.36
2023-02-08 21:15,85.0
2023-02-08 21:30,120.59
2023-02-08 21:45,139.88
2023-02-08 22:00,181.95
2023-02-08 22:15,219.15
2023-02-08 22:30,260.7
2023-02-08 22:45,322.74
2023-02-08 23:00,403.22
2023-02-08 23:15,461.87
2023-02-08 23:30,471.75
2023-02-08 23:45,477.32
2023-02-09 00:00,544.17
2023-02-09 00:15,676.84
2023-02-09 00:30,773.93
2023-02-09 00:45,741.68
2023-02-09 01:00,727.48
2023-02-09 01:15,800.73
2023-02-09 01:30,793.15
2023-02-09 01:45,766.52
2023-02-09 02:00,709.16
2023-02-09 02:15,675.7
2023-02-09 02:30,684.16
2023-02-09 02:45,621.75
2023-02-09 03:00,607.7
2023-02-09 03:15,677.75
2023-02-09 03:30,699.65
2023-02-09 03:45,606.73
2023-02-09 04:00,599.92
2023-02-09 04:15,552.25
2023-02-09 04:30,587.35
2023-02-09 04:45,539.05
2023-02-09 05:00,583.58
2023-02-09 05:15,563.03
2023-02-09 05:30,462.52
2023-02-09 05:45,414.36
2023-02-09 06:00,386.6
2023-02-09 06:15,323.18
2023-02-09 06:30,267.69
2023-02-09 06:45,264.41
2023-02-09 07:00,254.26
2023-02-09 07:15,219.66
2023-02-09 07:30,235.28
2023-02-09 07:45,246.96
2023-02-09 08:00,240.56
2023-02-09 08:15,280.44
2023-02-09 08:30,277.0
2023-02-09 08:45,296.46
2023-02-09 09:00,292.64
2023-02-09 09:15,284.72
2023-02-09 09:30,304.5
2023-02-09 09:45,307.28
2023-02-09 10:00,332.36
2023-02-09 10:15,292.23
2023-02-09 10:30,244.47
2023-02-09 10:45,237.74
2023-02-09 11:00,245.18
2023-02-09 11:15,233.75
2023-02-09 11:30,210.54
2023-02-09 11:45,172.44
2023-02-09 12:00,147.7
2023-02-09 12:15,75.69
2023-02-09 12:30,48.6
2023-02-09 12:45,40.79
2023-02-09 13:00,28.98
2023-02-09 13:15,26.77
2023-02-09 13:30,17.9
2023-02-09 13:45,14.55
2023-02-09 14:00,17.68
2023-02-09 14:15,16.41
2023-02-09 14:30,35.67
2023-02-09 14:45,52.41
2023-02-09 15:00,63.19
2023-02-09 15:15,44.21
2023-02-09 15:30,28.69
2023-02-09 15:45,17.42
2023-02-09 16:00,14.71
2023-02-09 16:15,9.94
2023-02-09 16:30,9.13
2023-02-09 16:45,10.61
2023-02-09 17:00,12.77
2023-02-09 17:15,10.63
2023-02-09 17:30,7.13
2023-02-09 17:45,2.7600000000000002
2023-02-09 18:00,0.7000000000000001
2023-02-09 18:15,2.78
2023-02-09 18:30,6.6
2023-02-09 18:45,14.52
2023-02-09 19:00,11.95
2023-02-09 19:15,7.23
2023-02-09 19:30,6.52
2023-02-09 19:45,10.32
2023-02-09 20:00,16.17
2023-02-09 20:15,20.89
2023-02-09 20:30,27.67
2023-02-09 20:45,28.39
2023-02-09 21:00,33.47
2023-02-09 21:15,42.51
2023-02-09 21:30,57.43
2023-02-09 21:45,44.69
2023-02-09 22:00,39.99
2023-02-09 22:15,40.93
2023-02-09 22:30,42.39
2023-02-09 22:45,50.54
2023-02-09 23:00,54.03
2023-02-09 23:15,48.73
2023-02-09 23:30,43.23
2023-02-09 23:45,40.98
2023-02-10 00:00,39.04
2023-02-10 00:15,36.57
2023-02-10 00:30,40.91
2023-02-10 00:45,49.12
2023-02-10 01:00,51.94
2023-02-10 01:15,74.29
2023-02-10 01:30,124.15
2023-02-10 01:45,139.17
2023-02-10 02:00,170.83
2023-02-10 02:15,199.04
2023-02-10 02:30,219.72
2023-02-10 02:45,228.6
2023-02-10 03:00,224.62
2023-02-10 03:15,189.18
2023-02-10 03:30,171.88
2023-02-10 03:45,153.32
2023-02-10 04:00,148.06
2023-02-10 04:15,135.43
2023-02-10 04:30,146.37
2023-02-10 04:45,142.92
2023-02-10 05:00,111.87
2023-02-10 05:15,91.64
2023-02-10 05:30,104.0
2023-02-10 05:45,102.52
2023-02-10 06:00,110.58
2023-02-10 06:15,131.11
2023-02-10 06:30,111.52
2023-02-10 06:45,104.06
2023-02-10 07:00,113.54
2023-02-10 07:15,132.69
2023-02-10 07:30,161.28
2023-02-10 07:45,227.8
2023-02-10 08:00,264.17
2023-02-10 08:15,272.91
2023-02-10 08:30,271.2
2023-02-10 08:45,286.83
2023-02-10 09:00,305.96
2023-02-10 09:15,303.69
2023-02-10 09:30,303.77
2023-02-10 09:45,354.06
2023-02-10 10:00,407.56
2023-02-10 10:15,483.09
2023-02-10 10:30,423.95
2023-02-10 10:45,392.18
2023-02-10 11:00,444.2
2023-02-10 11:15,505.31
2023-02-10 11:30,524.58
2023-02-10 11:45,529.36
2023-02-10 12:00,574.35
2023-02-10 12:15,590.09
2023-02-10 12:30,721.92
2023-02-10 12:45,792.41
2023-02-10 13:00,764.73
2023-02-10 13:15,845.15
2023-02-10 13:30,953.68
2023-02-10 13:45,885.63
2023-02-10 14:00,858.44
2023-02-10 14:15,783.99
2023-02-10 14:30,876.61
2023-02-10 14:45,923.41
2023-02-10 15:00,962.52
2023-02-10 15:15,1036.75
2023-02-10 15:30,1019.55
2023-02-10 15:45,1038.44
2023-02-10 16:00,1083.15
2023-02-10 16:15,1129.53
2023-02-10 16:30,1322.51
2023-02-10 16:45,1546.89
2023-02-10 17:00,1574.34
2023-02-10 17:15,1577.54
2023-02-10 17:30,1604.94
2023-02-10 17:45,1611.28
2023-02-10 18:00,1522.51
2023-02-10 18:15,1596.03
2023-02-10 18:30,1699.28
2023-02-10 18:45,1643.66
2023-02-10 19:00,1738.34
2023-02-10 19:15,1628.69
2023-02-10 19:30,1602.68
2023-02-10 19:45,1523.71
2023-02-10 20:00,1380.93
2023-02-10 20:15,1298.02
2023-02-10 20:30,1136.29
2023-02-10 20:45,1103.37
2023-02-10 21:00,1143.72
2023-02-10 21:15,1088.4
2023-02-10 21:30,1109.45
2023-02-10 21:45,1067.42
2023-02-10 22:00,902.84
2023-02-10 22:15,869.79
2023-02-10 22:30,847.96
2023-02-10 22:45,744.08
2023-02-10 23:00,566.07
2023-02-10 23:15,517.14
2023-02-10 23:30,525.5
2023-02-10 23:45,629.77
2023-02-11 00:00,583.14
2023-02-11 00:15,537.79
2023-02-11 00:30,657.82
2023-02-11 00:45,689.11
2023-02-11 01:00,625.0
2023-02-11 01:15,650.11
2023-02-11 01:30,711.16
2023-02-11 01:45,666.0
2023-02-11 02:00,670.48
2023-02-11 02:15,626.77
2023-02-11 02:30,629.46
2023-02-11 02:45,509.4
2023-02-11 03:00,471.08
2023-02-11 03:15,447.72
2023-02-11 03:30,457.33
2023-02-11 03:45,443.23
2023-02-11 04:00,456.14
2023-02-11 04:15,546.83
2023-02-11 04:30,518.09
2023-02-11 04:45,437.9
2023-02-11 05:00,385.0
2023-02-11 05:15,398.48
2023-02-11 05:30,411.92
2023-02-11 05:45,409.97
2023-02-11 06:00,350.36
2023-02-11 06:15,322.95
2023-02-11 06:30,325.37
2023-02-11 06:45,363.86
2023-02-11 07:00,311.97
2023-02-11 07:15,310.89
2023-02-11 07:30,322.28
2023-02-11 07:45,314.79
2023-02-11 08:00,388.1
2023-02-11 08:15,415.82
2023-02-11 08:30,393.65
2023-02-11 08:45,379.19
2023-02-11 09:00,361.17
2023-02-11 09:15,321.41
2023-02-11 09:30,319.76
2023-02-11 09:45,288.1
2023-02-11 10:00,252.72
2023-02-11 10:15,206.14
2023-02-11 10:30,170.83
2023-02-11 10:45,159.2
2023-02-11 11:00,130.67
2023-02-11 11:15,111.37
2023-02-11 11:30,108.62
2023-02-11 11:45,88.2
2023-02-11 12:00,69.64
2023-02-11 12:15,68.82
2023-02-11 12:30,38.87
2023-02-11 12:45,40.07
2023-02-11 13:00,44.69
2023-02-11 13:15,43.65
2023-02-11 13:30,24.22
2023-02-11 13:45,18.36
2023-02-11 14:00,22.48
2023-02-11 14:15,25.72
2023-02-11 14:30,22.16
2023-02-11 14:45,21.39
2023-02-11 15:00,23.65
2023-02-11 15:15,20.61
2023-02-11 15:30,14.41
2023-02-11 15:45,8.35
2023-02-11 16:00,10.8
2023-02-11 16:15,5.93
2023-02-11 16:30,5.43
2023-02-11 16:45,8.19
2023-02-11 17:00,7.49
2023-02-11 17:15,14.94
2023-02-11 17:30,13.84
2023-02-11 17:45,3.47
2023-02-11 18:00,0.0
2023-02-11 18:15,0.0
2023-02-11 18:30,0.0
2023-02-11 18:45,0.0
2023-02-11 19:00,0.0
2023-02-11 19:15,0.0
2023-02-11 19:30,0.0
2023-02-11 19:45,0.0
2023-02-11 20:00,0.0
2023-02-11 20:15,0.0
2023-02-11 20:30,0.0
2023-02-11 20:45,0.0
2023-02-11 21:00,0.0
2023-02-11 21:15,0.0
2023-02-11 21:30,0.0
2023-02-11 21:45,0.0
2023-02-11 22:00,0.0
2023-02-11 22:15,0.0
2023-02-11 22:30,0.0
2023-02-11 22:45,0.0
2023-02-11 23:00,0.0
2023-02-11 23:15,0.0
2023-02-11 23:30,0.0
2023-02-11 23:45,0.0
2023-02-12 00:00,0.0
2023-02-12 00:15,0.0
2023-02-12 00:30,0.0
2023-02-12 00:45,0.0
2023-02-12 01:00,0.0
2023-02-12 01:15,0.0
2023-02-12 01:30,0.0
2023-02-12 01:45,0.0
2023-02-12 02:00,0.0
2023-02-12 02:15,0.0
2023-02-12 02:30,0.0
2023-02-12 02:45,0.0
2023-02-12 03:00,0.0
2023-02-12 03:15,0.0
2023-02-12 03:30,0.0
2023-02-12 03:45,0.0
2023-02-12 04:00,0.0
2023-02-12 04:15,0.0
2023-02-12 04:30,0.0
2023-02-12 04:45,0.0
2023-02-12 05:00,0.0
2023-02-12 05:15,0.0
2023-02-12 05:30,0.0
2023-02-12 05:45,0.0
2023-02-12 06:00,0.0
2023-02-12 06:15,1.01
2023-02-12 06:30,0.0
2023-02-12 06:45,0.0
2023-02-12 07:00,0.0
2023-02-12 07:15,0.0
2023-02-12 07:30,0.08
2023-02-12 07:45,4.35
2023-02-12 08:00,9.92
2023-02-12 08:15,9.23
2023-02-12 08:30,14.98
2023-02-12 08:45,18.57
2023-02-12 09:00,15.06
2023-02-12 09:15,18.56
2023-02-12 09:30,16.85
2023-02-12 09:45,18.39
2023-02-12 10:00,16.97
2023-02-12 10:15,24.32
2023-02-12 10:30,29.51
2023-02-12 10:45,26.35
2023-02-12 11:00,29.5
2023-02-12 11:15,35.26
2023-02-12 11:30,40.83
2023-02-12 11:45,42.03
2023-02-12 12:00,33.03
2023-02-12 12:15,30.47
2023-02-12 12:30,33.53
2023-02-12 12:45,33.46
2023-02-12 13:00,25.41
2023-02-12 13:15,22.37
2023-02-12 13:30,20.62
2023-02-12 13:45,12.97
2023-02-12 14:00,17.44
2023-02-12 14:15,17.82
2023-02-12 14:30,23.47
2023-02-12 14:45,31.55
2023-02-12 15:00,34.33
2023-02-12 15:15,31.42
2023-02-12 15:30,27.29
2023-02-12 15:45,24.75
2023-02-12 16:00,12.81
2023-02-12 16:15,10.76
2023-02-12 16:30,14.21
2023-02-12 16:45,26.24
2023-02-12 17:00,51.0
2023-02-12 17:15,53.63
2023-02-12 17:30,67.26
2023-02-12 17:45,81.61
2023-02-12 18:00,75.15
2023-02-12 18:15,69.27
2023-02-12 18:30,80.1
2023-02-12 18:45,94.11
2023-02-12 19:00,82.65
2023-02-12 19:15,78.35
2023-02-12 19:30,67.83
2023-02-12 19:45,52.7
2023-02-12 20:00,20.55
2023-02-12 20:15,18.28
2023-02-12 20:30,14.71
2023-02-12 20:45,16.45
2023-02-12 21:00,16.09
2023-02-12 21:15,8.46
2023-02-12 21:30,5.42
2023-02-12 21:45,2.13
2023-02-12 22:00,2.5
2023-02-12 22:15,4.38
2023-02-12 22:30,4.18
2023-02-12 22:45,5.72
2023-02-12 23:00,8.89
2023-02-12 23:15,10.42
2023-02-12 23:30,15.75
2023-02-12 23:45,16.99
2023-02-13 00:00,18.69
2023-02-13 00:15,17.35
2023-02-13 00:30,16.58
2023-02-13 00:45,15.7
2023-02-13 01:00,18.8
2023-02-13 01:15,17.85
2023-02-13 01:30,16.07
2023-02-13 01:45,21.18
2023-02-13 02:00,18.17
2023-02-13 02:15,17.43
2023-02-13 02:30,15.9
2023-02-13 02:45,17.45
2023-02-13 03:00,15.49
2023-02-13 03:15,10.21
2023-02-13 03:30,11.81
2023-02-13 03:45,17.0
2023-02-13 04:00,21.21
2023-02-13 04:15,24.74
2023-02-13 04:30,25.92
2023-02-13 04:45,20.62
2023-02-13 05:00,16.76
2023-02-13 05:15,13.08
2023-02-13 05:30,14.7
2023-02-13 05:45,15.7
2023-02-13 06:00,14.67
2023-02-13 06:15,10.47
2023-02-13 06:30,9.67
2023-02-13 06:45,5.76
2023-02-13 07:00,3.07
2023-02-13 07:15,0.85
2023-02-13 07:30,1.07
2023-02-13 07:45,0.66
2023-02-13 08:00,0.92
2023-02-13 08:15,0.84
2023-02-13 08:30,1.24
2023-02-13 08:45,2.74
2023-02-13 09:00,4.01
2023-02-13 09:15,4.96
2023-02-13 09:30,1.25
2023-02-13 09:45,0.63
2023-02-13 10:00,0.0
2023-02-13 10:15,0.07
2023-02-13 10:30,1.42
2023-02-13 10:45,1.3800000000000001
2023-02-13 11:00,0.8200000000000001
2023-02-13 11:15,1.96
2023-02-13 11:30,5.44
2023-02-13 11:45,7.43
2023-02-13 12:00,7.35
2023-02-13 12:15,5.83
2023-02-13 12:30,5.77
2023-02-13 12:45,5.57
2023-02-13 13:00,1.58
2023-02-13 13:15,0.0
2023-02-13 13:30,0.61
2023-02-13 13:45,0.88
2023-02-13 14:00,5.14
2023-02-13 14:15,19.2
2023-02-13 14:30,26.14
2023-02-13 14:45,32.43
2023-02-13 15:00,24.96
2023-02-13 15:15,21.63
2023-02-13 15:30,23.4
2023-02-13 15:45,25.33
2023-02-13 16:00,19.72
2023-02-13 16:15,17.4
2023-02-13 16:30,15.78
2023-02-13 16:45,18.09
2023-02-13 17:00,22.54
2023-02-13 17:15,26.4
2023-02-13 17:30,28.33
2023-02-13 17:45,33.4
2023-02-13 18:00,34.16
2023-02-13 18:15,40.78
2023-02-13 18:30,40.39
2023-02-13 18:45,43.71
2023-02-13 19:00,54.85
2023-02-13 19:15,59.6
2023-02-13 19:30,62.53
2023-02-13 19:45,70.19
2023-02-13 20:00,72.4
2023-02-13 20:15,73.24
2023-02-13 20:30,71.05
2023-02-13 20:45,72.18
2023-02-13 21:00,75.93
2023-02-13 21:15,75.12
2023-02-13 21:30,80.16
2023-02-13 21:45,82.32
2023-02-13 22:00,110.13
2023-02-13 22:15,138.97
2023-02-13 22:30,166.79
2023-02-13 22:45,163.18
2023-02-13 23:00,143.67
2023-02-13 23:15,137.56
2023-02-13 23:30,152.95
2023-02-13 23:45,124.8
2023-02-14 00:00,85.95
2023-02-14 00:15,66.47
2023-02-14 00:30,65.19
2023-02-14 00:45,84.3
2023-02-14 01:00,117.68
2023-02-14 01:15,114.86
2023-02-14 01:30,68.94
2023-02-14 01:45,44.86
2023-02-14 02:00,37.52
2023-02-14 02:15,38.89
2023-02-14 02:30,42.09
2023-02-14 02:45,45.29
2023-02-14 03:00,45.19
2023-02-14 03:15,38.98
2023-02-14 03:30,35.85
2023-02-14 03:45,36.42
2023-02-14 04:00,37.49
2023-02-14 04:15,35.78
2023-02-14 04:30,32.93
2023-02-14 04:45,30.6
2023-02-14 05:00,28.93
2023-02-14 05:15,23.56
2023-02-14 05:30,33.71
2023-02-14 05:45,39.4
2023-02-14 06:00,31.8
2023-02-14 06:15,30.5
2023-02-14 06:30,35.83
2023-02-14 06:45,33.65
2023-02-14 07:00,30.34
2023-02-14 07:15,23.51
2023-02-14 07:30,20.22
2023-02-14 07:45,18.94
2023-02-14 08:00,16.24
2023-02-14 08:15,11.11
2023-02-14 08:30,10.48
2023-02-14 08:45,12.77
2023-02-14 09:00,12.23
2023-02-14 09:15,14.31
2023-02-14 09:30,19.08
2023-02-14 09:45,13.96
2023-02-14 10:00,9.97
2023-02-14 10:15,18.96
2023-02-14 10:30,17.1
2023-02-14 10:45,9.85
2023-02-14 11:00,5.75
2023-02-14 11:15,5.8
2023-02-14 11:30,3.2
2023-02-14 11:45,2.14
2023-02-14 12:00,1.26
2023-02-14 12:15,0.8
2023-02-14 12:30,0.0
2023-02-14 12:45,0.0
2023-02-14 13:00,0.0
2023-02-14 13:15,0.0
2023-02-14 13:30,0.0
2023-02-14 13:45,1.5
2023-02-14 14:00,0.0
2023-02-14 14:15,0.0
2023-02-14 14:30,0.0
2023-02-14 14:45,0.0
2023-02-14 15:00,0.0
2023-02-14 15:15,0.0
2023-02-14 15:30,0.0
2023-02-14 15:45,0.0
2023-02-14 16:00,0.0
2023-02-14 16:15,0.0
2023-02-14 16:30,0.0
2023-02-14 16:45,0.0
2023-02-14 17:00,0.0
2023-02-14 17:15,0.0
2023-02-14 17:30,0.0
2023-02-14 17:45,0.0
2023-02-14 18:00,0.0
2023-02-14 18:15,0.0
2023-02-14 18:30,0.0
2023-02-14 18:45,0.0
2023-02-14 19:00,0.0
2023-02-14 19:15,2.39
2023-02-14 19:30,3.88
2023-02-14 19:45,7.44
2023-02-14 20:00,10.06
2023-02-14 20:15,13.05
2023-02-14 20:30,17.87
2023-02-14 20:45,21.65
2023-02-14 21:00,27.4
2023-02-14 21:15,26.12
2023-02-14 21:30,25.1
2023-02-14 21:45,24.85
2023-02-14 22:00,21.44
2023-02-14 22:15,21.7
2023-02-14 22:30,23.33
2023-02-14 22:45,23.51
2023-02-14 23:00,24.71
2023-02-14 23:15,27.05
2023-02-14 23:30,29.89
2023-02-14 23:45,38.32
2023-02-15 00:00,38.26
2023-02-15 00:15,36.82
2023-02-15 00:30,36.2
2023-02-15 00:45,35.85
2023-02-15 01:00,36.54
2023-02-15 01:15,37.29
2023-02-15 01:30,40.21
2023-02-15 01:45,42.57
2023-02-15 02:00,39.83
2023-02-15 02:15,37.13
2023-02-15 02:30,39.03
2023-02-15 02:45,52.78
2023-02-15 03:00,59.27
2023-02-15 03:15,54.86
2023-02-15 03:30,53.56
2023-02-15 03:45,58.41
2023-02-15 04:00,79.45
2023-02-15 04:15,74.14
2023-02-15 04:30,65.56
2023-02-15 04:45,59.96
2023-02-15 05:00,63.16
2023-02-15 05:15,85.67
2023-02-15 05:30,91.48
2023-02-15 05:45,113.57
2023-02-15 06:00,120.32
2023-02-15 06:15,120.46
2023-02-15 06:30,144.53
2023-02-15 06:45,149.94
2023-02-15 07:00,145.48
2023-02-15 07:15,149.07
2023-02-15 07:30,180.78
2023-02-15 07:45,230.97
2023-02-15 08:00,230.19
2023-02-15 08:15,217.59
2023-02-15 08:30,214.74
2023-02-15 08:45,222.9
2023-02-15 09:00,181.13
2023-02-15 09:15,176.7
2023-02-15 09:30,184.27
2023-02-15 09:45,170.38
2023-02-15 10:00,159.58
2023-02-15 10:15,188.77
2023-02-15 10:30,238.27
2023-02-15 10:45,281.04
2023-02-15 11:00,289.85
2023-02-15 11:15,285.36
2023-02-15 11:30,289.59
2023-02-15 11:45,299.78
2023-02-15 12:00,285.29
2023-02-15 12:15,263.37
2023-02-15 12:30,287.19
2023-02-15 12:45,336.17
2023-02-15 13:00,420.37
2023-02-15 13:15,521.86
2023-02-15 13:30,605.87
2023-02-15 13:45,695.95
2023-02-15 14:00,781.77
2023-02-15 14:15,743.18
2023-02-15 14:30,713.71
2023-02-15 14:45,719.46
2023-02-15 15:00,817.05
2023-02-15 15:15,764.92
2023-02-15 15:30,865.98
2023-02-15 15:45,951.44
2023-02-15 16:00,1016.68
2023-02-15 16:15,1074.1
2023-02-15 16:30,1003.13
2023-02-15 16:45,888.27
2023-02-15 17:00,748.12
2023-02-15 17:15,786.17
2023-02-15 17:30,836.79
2023-02-15 17:45,936.47
2023-02-15 18:00,917.96
2023-02-15 18:15,961.78
2023-02-15 18:30,882.17
2023-02-15 18:45,847.22
2023-02-15 19:00,871.77
2023-02-15 19:15,943.01
2023-02-15 19:30,953.49
2023-02-15 19:45,947.98
2023-02-15 20:00,1012.17
2023-02-15 20:15,1070.39
2023-02-15 20:30,1062.3
2023-02-15 20:45,1082.21
2023-02-15 21:00,1047.29
2023-02-15 21:15,1019.1
2023-02-15 21:30,983.18
2023-02-15 21:45,993.85
2023-02-15 22:00,1063.76
2023-02-15 22:15,1084.45
2023-02-15 22:30,1101.21
2023-02-15 22:45,1002.83
2023-02-15 23:00,1045.73
2023-02-15 23:15,1077.09
2023-02-15 23:30,1026.53
2023-02-15 23:45,936.6
2023-02-16 00:00,858.6
2023-02-16 00:15,820.14
2023-02-16 00:30,751.3
2023-02-16 00:45,699.25
2023-02-16 01:00,678.12
2023-02-16 01:15,652.19
2023-02-16 01:30,597.09
2023-02-16 01:45,582.89
2023-02-16 02:00,595.5
2023-02-16 02:15,583.0
2023-02-16 02:30,622.05
2023-02-16 02:45,652.66
2023-02-16 03:00,650.16
2023-02-16 03:15,637.94
2023-02-16 03:30,632.65
2023-02-16 03:45,639.37
2023-02-16 04:00,634.2
2023-02-16 04:15,588.75
2023-02-16 04:30,616.47
2023-02-16 04:45,571.16
2023-02-16 05:00,574.39
2023-02-16 05:15,527.95
2023-02-16 05:30,523.26
2023-02-16 05:45,566.47
2023-02-16 06:00,685.4
2023-02-16 06:15,613.63
2023-02-16 06:30,635.43
2023-02-16 06:45,473.77
2023-02-16 07:00,290.55
2023-02-16 07:15,280.87
2023-02-16 07:30,233.76
2023-02-16 07:45,153.41
2023-02-16 08:00,141.85
2023-02-16 08:15,207.29
2023-02-16 08:30,208.56
2023-02-16 08:45,302.24
2023-02-16 09:00,442.59
2023-02-16 09:15,681.86
2023-02-16 09:30,844.59
2023-02-16 09:45,1045.79
2023-02-16 10:00,1249.1
2023-02-16 10:15,1307.82
2023-02-16 10:30,1480.85
2023-02-16 10:45,1557.08
2023-02-16 11:00,1535.68
2023-02-16 11:15,1633.21
2023-02-16 11:30,1681.27
2023-02-16 11:45,1828.93
2023-02-16 12:00,1740.26
2023-02-16 12:15,1813.48
2023-02-16 12:30,2028.37
2023-02-16 12:45,2056.11
2023-02-16 13:00,2120.53
2023-02-16 13:15,2034.08
2023-02-16 13:30,2158.55
2023-02-16 13:45,2190.8
2023-02-16 14:00,2197.86
2023-02-16 14:15,2209.29
2023-02-16 14:30,2197.04
2023-02-16 14:45,2191.83
2023-02-16 15:00,2166.1
2023-02-16 15:15,2139.58
2023-02-16 15:30,2130.8
2023-02-16 15:45,2126.52
2023-02-16 16:00,2120.76
2023-02-16 16:15,2159.15
2023-02-16 16:30,2186.24
2023-02-16 16:45,2208.41
2023-02-16 17:00,2213.2
2023-02-16 17:15,2208.1
2023-02-16 17:30,2210.26
2023-02-16 17:45,2207.02
2023-02-16 18:00,2203.96
2023-02-16 18:15,2219.21
2023-02-16 18:30,2224.65
2023-02-16 18:45,2223.72
2023-02-16 19:00,2220.19
2023-02-16 19:15,2223.16
2023-02-16 19:30,2223.5
2023-02-16 19:45,2222.73
2023-02-16 20:00,2222.22
2023-02-16 20:15,2224.86
2023-02-16 20:30,2224.61
2023-02-16 20:45,2214.29
2023-02-16 21:00,2206.23
2023-02-16 21:15,2211.47
2023-02-16 21:30,2209.45
2023-02-16 21:45,2205.46
2023-02-16 22:00,2193.4
2023-02-16 22:15,2171.99
2023-02-16 22:30,2140.81
2023-02-16 22:45,2110.93
2023-02-16 23:00,2145.67
2023-02-16 23:15,2158.19
2023-02-16 23:30,2176.01
2023-02-16 23:45,2176.46
2023-02-17 00:00,2188.47
2023-02-17 00:15,2193.11
2023-02-17 00:30,2202.04
2023-02-17 00:45,2202.75
2023-02-17 01:00,2202.66
2023-02-17 01:15,2205.74
2023-02-17 01:30,2203.07
2023-02-17 01:45,2203.58
2023-02-17 02:00,2195.8
2023-02-17 02:15,2198.98
2023-02-17 02:30,2198.55
2023-02-17 02:45,2198.52
2023-02-17 03:00,2197.47
2023-02-17 03:15,2191.41
2023-02-17 03:30,2194.12
2023-02-17 03:45,2193.94
2023-02-17 04:00,2163.3
2023-02-17 04:15,1983.7
2023-02-17 04:30,2136.64
2023-02-17 04:45,2165.5
2023-02-17 05:00,2193.47
2023-02-17 05:15,2193.5
2023-02-17 05:30,2194.38
2023-02-17 05:45,2192.78
2023-02-17 06:00,2193.77
2023-02-17 06:15,2202.26
2023-02-17 06:30,2202.67
2023-02-17 06:45,2202.33
2023-02-17 07:00,2199.7
2023-02-17 07:15,2202.14
2023-02-17 07:30,2202.36
2023-02-17 07:45,2201.99
2023-02-17 08:00,2202.12
2023-02-17 08:15,2202.93
2023-02-17 08:30,2201.91
2023-02-17 08:45,2202.66
2023-02-17 09:00,2201.89
2023-02-17 09:15,2168.24
2023-02-17 09:30,2151.79
2023-02-17 09:45,2114.84
2023-02-17 10:00,2175.04
2023-02-17 10:15,2202.33
2023-02-17 10:30,2174.62
2023-02-17 10:45,2188.37
2023-02-17 11:00,2202.21
2023-02-17 11:15,2202.89
2023-02-17 11:30,2202.19
2023-02-17 11:45,2201.44
2023-02-17 12:00,2202.57
2023-02-17 12:15,2202.03
2023-02-17 12:30,2201.4
2023-02-17 12:45,2197.44
2023-02-17 13:00,2165.8
2023-02-17 13:15,2027.51
2023-02-17 13:30,2196.81
2023-02-17 13:45,2192.19
2023-02-17 14:00,2105.01
2023-02-17 14:15,2162.31
2023-02-17 14:30,2180.26
2023-02-17 14:45,2183.07
2023-02-17 15:00,2192.58
2023-02-17 15:15,2199.45
2023-02-17 15:30,2197.93
2023-02-17 15:45,2201.61
2023-02-17 16:00,2199.76
2023-02-17 16:15,2200.7
2023-02-17 16:30,2196.24
2023-02-17 16:45,2195.11
2023-02-17 17:00,2208.08
2023-02-17 17:15,2209.63
2023-02-17 17:30,2209.79
2023-02-17 17:45,2207.78
2023-02-17 18:00,2208.75
2023-02-17 18:15,2208.05
2023-02-17 18:30,2201.4
2023-02-17 18:45,2182.04
2023-02-17 19:00,2173.6
2023-02-17 19:15,2153.53
2023-02-17 19:30,2117.88
2023-02-17 19:45,2120.7
2023-02-17 20:00,2104.91
2023-02-17 20:15,2085.41
2023-02-17 20:30,1993.71
2023-02-17 20:45,1941.92
2023-02-17 21:00,1953.71
2023-02-17 21:15,1938.37
2023-02-17 21:30,1888.94
2023-02-17 21:45,1932.54
2023-02-17 22:00,1937.08
2023-02-17 22:15,2016.2
2023-02-17 22:30,2089.04
2023-02-17 22:45,1994.89
2023-02-17 23:00,1838.61
2023-02-17 23:15,1831.83
2023-02-17 23:30,1945.4
2023-02-17 23:45,1895.08
2023-02-18 00:00,1926.29
2023-02-18 00:15,1850.98
2023-02-18 00:30,1867.4
2023-02-18 00:45,2062.05
2023-02-18 01:00,2148.14
2023-02-18 01:15,2175.62
2023-02-18 01:30,2176.06
2023-02-18 01:45,2190.11
2023-02-18 02:00,2193.19
2023-02-18 02:15,2191.79
2023-02-18 02:30,2190.6
2023-02-18 02:45,2190.71
2023-02-18 03:00,2189.82
2023-02-18 03:15,2184.98
2023-02-18 03:30,2183.74
2023-02-18 03:45,2184.85
2023-02-18 04:00,2186.19
2023-02-18 04:15,2168.47
2023-02-18 04:30,2147.97
2023-02-18 04:45,2182.08
2023-02-18 05:00,2184.29
2023-02-18 05:15,2185.13
2023-02-18 05:30,2184.73
2023-02-18 05:45,2180.48
2023-02-18 06:00,2178.55
2023-02-18 06:15,2175.24
2023-02-18 06:30,2154.47
2023-02-18 06:45,2165.9
2023-02-18 07:00,2190.14
2023-02-18 07:15,2194.01
2023-02-18 07:30,2194.96
2023-02-18 07:45,2194.69
2023-02-18 08:00,2193.93
2023-02-18 08:15,2195.03
2023-02-18 08:30,2192.98
2023-02-18 08:45,2185.89
2023-02-18 09:00,2185.68
2023-02-18 09:15,2184.8
2023-02-18 09:30,2191.34
2023-02-18 09:45,2193.34
2023-02-18 10:00,2197.31
2023-02-18 10:15,2196.23
2023-02-18 10:30,2196.23
2023-02-18 10:45,2196.96
2023-02-18 11:00,2195.71
2023-02-18 11:15,2196.86
2023-02-18 11:30,2195.4
2023-02-18 11:45,2180.99
2023-02-18 12:00,2129.01
2023-02-18 12:15,2056.29
2023-02-18 12:30,2093.04
2023-02-18 12:45,2152.91
2023-02-18 13:00,2179.29
2023-02-18 13:15,2134.66
2023-02-18 13:30,2141.5
2023-02-18 13:45,2170.15
2023-02-18 14:00,2189.22
2023-02-18 14:15,2209.73
2023-02-18 14:30,2213.09
2023-02-18 14:45,2208.39
2023-02-18 15:00,2214.74
2023-02-18 15:15,2214.96
2023-02-18 15:30,2215.7
2023-02-18 15:45,2220.95
2023-02-18 16:00,2214.69
2023-02-18 16:15,2208.22
2023-02-18 16:30,2210.87
2023-02-18 16:45,2206.38
2023-02-18 17:00,2209.75
2023-02-18 17:15,2203.7
2023-02-18 17:30,2189.22
2023-02-18 17:45,2201.49
2023-02-18 18:00,2210.32
2023-02-18 18:15,2199.91
2023-02-18 18:30,2169.39
2023-02-18 18:45,2124.72
2023-02-18 19:00,2117.94
2023-02-18 19:15,2119.62
2023-02-18 19:30,2136.41
2023-02-18 19:45,2144.35
2023-02-18 20:00,2130.29
2023-02-18 20:15,2109.15
2023-02-18 20:30,2102.78
2023-02-18 20:45,2171.63
2023-02-18 21:00,2176.35
2023-02-18 21:15,2129.41
2023-02-18 21:30,2076.03
2023-02-18 21:45,2079.97
2023-02-18 22:00,2110.54
2023-02-18 22:15,2142.43
2023-02-18 22:30,2094.73
2023-02-18 22:45,1989.11
2023-02-18 23:00,1894.75
2023-02-18 23:15,1904.35
2023-02-18 23:30,1891.42
2023-02-18 23:45,1921.28
2023-02-19 00:00,2076.02
2023-02-19 00:15,2163.84
2023-02-19 00:30,2165.08
2023-02-19 00:45,2126.37
2023-02-19 01:00,2153.36
2023-02-19 01:15,2166.91
2023-02-19 01:30,2183.68
2023-02-19 01:45,2187.42
2023-02-19 02:00,2197.43
2023-02-19 02:15,2207.89
2023-02-19 02:30,2208.99
2023-02-19 02:45,2217.12
2023-02-19 03:00,2218.13
2023-02-19 03:15,2214.69
2023-02-19 03:30,2215.32
2023-02-19 03:45,2204.62
2023-02-19 04:00,2175.61
2023-02-19 04:15,2166.35
2023-02-19 04:30,2144.97
2023-02-19 04:45,2079.66
2023-02-19 05:00,1987.08
2023-02-19 05:15,1837.28
2023-02-19 05:30,1816.93
2023-02-19 05:45,1888.42
2023-02-19 06:00,1923.62
2023-02-19 06:15,1829.97
2023-02-19 06:30,1752.16
2023-02-19 06:45,1757.18
2023-02-19 07:00,1784.46
2023-02-19 07:15,1825.79
2023-02-19 07:30,1777.78
2023-02-19 07:45,1722.99
2023-02-19 08:00,1525.68
2023-02-19 08:15,1261.03
2023-02-19 08:30,1322.94
2023-02-19 08:45,1257.15
2023-02-19 09:00,921.14
2023-02-19 09:15,731.85
2023-02-19 09:30,655.79
2023-02-19 09:45,653.49
2023-02-19 10:00,605.1
2023-02-19 10:15,672.93
2023-02-19 10:30,642.66
2023-02-19 10:45,544.56
2023-02-19 11:00,439.0
2023-02-19 11:15,369.91
2023-02-19 11:30,305.21
2023-02-19 11:45,294.29
2023-02-19 12:00,334.28
2023-02-19 12:15,258.74
2023-02-19 12:30,239.72
2023-02-19 12:45,193.37
2023-02-19 13:00,191.51
2023-02-19 13:15,164.02
2023-02-19 13:30,149.02
2023-02-19 13:45,142.92
2023-02-19 14:00,81.85
2023-02-19 14:15,74.63
2023-02-19 14:30,66.14
2023-02-19 14:45,54.79
2023-02-19 15:00,47.67
2023-02-19 15:15,46.8
2023-02-19 15:30,59.16
2023-02-19 15:45,72.89
2023-02-19 16:00,106.41
2023-02-19 16:15,193.94
2023-02-19 16:30,244.84
2023-02-19 16:45,286.81
2023-02-19 17:00,283.82
2023-02-19 17:15,252.11
2023-02-19 17:30,264.72
2023-02-19 17:45,171.01
2023-02-19 18:00,182.55
2023-02-19 18:15,387.07
2023-02-19 18:30,425.39
2023-02-19 18:45,529.06
2023-02-19 19:00,624.93
2023-02-19 19:15,720.79
2023-02-19 19:30,874.63
2023-02-19 19:45,847.33
2023-02-19 20:00,988.39
2023-02-19 20:15,968.58
2023-02-19 20:30,940.1
2023-02-19 20:45,1092.2
2023-02-19 21:00,1137.26
2023-02-19 21:15,1249.36
2023-02-19 21:30,1411.16
2023-02-19 21:45,1473.64
2023-02-19 22:00,1476.24
2023-02-19 22:15,1554.2
2023-02-19 22:30,1655.67
2023-02-19 22:45,1677.88
2023-02-19 23:00,1690.65
2023-02-19 23:15,1726.95
2023-02-19 23:30,1681.23
2023-02-19 23:45,1867.98
2023-02-20 00:00,2019.61
2023-02-20 00:15,2061.21
2023-02-20 00:30,2080.12
2023-02-20 00:45,2113.59
2023-02-20 01:00,2118.28
2023-02-20 01:15,2113.0
2023-02-20 01:30,2153.0
2023-02-20 01:45,2177.78
2023-02-20 02:00,2132.54
2023-02-20 02:15,2098.51
2023-02-20 02:30,2092.87
2023-02-20 02:45,2114.65
2023-02-20 03:00,2071.86
2023-02-20 03:15,2015.92
2023-02-20 03:30,2007.91
2023-02-20 03:45,2018.09
2023-02-20 04:00,2046.79
2023-02-20 04:15,2070.73
2023-02-20 04:30,2077.31
2023-02-20 04:45,2067.07
2023-02-20 05:00,2114.19
2023-02-20 05:15,2120.94
2023-02-20 05:30,2153.15
2023-02-20 05:45,2176.35
2023-02-20 06:00,2138.12
2023-02-20 06:15,2077.58
2023-02-20 06:30,1996.65
2023-02-20 06:45,1919.63
2023-02-20 07:00,1984.44
2023-02-20 07:15,2053.45
2023-02-20 07:30,2099.16
2023-02-20 07:45,2046.23
2023-02-20 08:00,2046.14
2023-02-20 08:15,2066.87
2023-02-20 08:30,2095.32
2023-02-20 08:45,2097.08
2023-02-20 09:00,2070.05
2023-02-20 09:15,2035.54
2023-02-20 09:30,2113.74
2023-02-20 09:45,2109.36
2023-02-20 10:00,2156.72
2023-02-20 10:15,2110.52
2023-02-20 10:30,2051.42
2023-02-20 10:45,1971.54
2023-02-20 11:00,1954.84
2023-02-20 11:15,1922.11
2023-02-20 11:30,1858.87
2023-02-20 11:45,1824.42
2023-02-20 12:00,1916.18
2023-02-20 12:15,2017.52
2023-02-20 12:30,2032.72
2023-02-20 12:45,2082.57
2023-02-20 13:00,2124.03
2023-02-20 13:15,2165.93
2023-02-20 13:30,2181.7
2023-02-20 13:45,2181.19
2023-02-20 14:00,2156.16
2023-02-20 14:15,2139.43
2023-02-20 14:30,2153.85
2023-02-20 14:45,2163.14
2023-02-20 15:00,2191.42
2023-02-20 15:15,2178.57
2023-02-20 15:30,2178.39
2023-02-20 15:45,2194.78
2023-02-20 16:00,2189.34
2023-02-20 16:15,2196.96
2023-02-20 16:30,2196.07
2023-02-20 16:45,2204.49
2023-02-20 17:00,2204.31
2023-02-20 17:15,2203.59
2023-02-20 17:30,2209.99
2023-02-20 17:45,2213.59
2023-02-20 18:00,2214.33
2023-02-20 18:15,2204.65
2023-02-20 18:30,2198.0
2023-02-20 18:45,2167.63
2023-02-20 19:00,2066.91
2023-02-20 19:15,1925.4
2023-02-20 19:30,1693.6
2023-02-20 19:45,1550.62
2023-02-20 20:00,1534.52
2023-02-20 20:15,1380.31
2023-02-20 20:30,1445.87
2023-02-20 20:45,1381.6
2023-02-20 21:00,1222.39
2023-02-20 21:15,1294.61
2023-02-20 21:30,1156.58
2023-02-20 21:45,1072.13
2023-02-20 22:00,1008.74
2023-02-20 22:15,1030.21
2023-02-20 22:30,1033.71
2023-02-20 22:45,1085.96
2023-02-20 23:00,1075.59
2023-02-20 23:15,965.57
2023-02-20 23:30,779.67
2023-02-20 23:45,693.0
2023-02-21 00:00,751.87
2023-02-21 00:15,739.88
2023-02-21 00:30,648.64
2023-02-21 00:45,756.25
2023-02-21 01:00,818.32
2023-02-21 01:15,756.43
2023-02-21 01:30,677.79
2023-02-21 01:45,619.34
2023-02-21 02:00,570.81
2023-02-21 02:15,585.57
2023-02-21 02:30,566.95
2023-02-21 02:45,559.64
2023-02-21 03:00,623.53
2023-02-21 03:15,642.68
2023-02-21 03:30,576.74
2023-02-21 03:45,434.68
2023-02-21 04:00,421.35
2023-02-21 04:15,305.22
2023-02-21 04:30,217.08
2023-02-21 04:45,163.98
2023-02-21 05:00,139.17
2023-02-21 05:15,119.31
2023-02-21 05:30,107.76
2023-02-21 05:45,94.49
2023-02-21 06:00,78.51
2023-02-21 06:15,67.48
2023-02-21 06:30,81.82
2023-02-21 06:45,90.39
2023-02-21 07:00,80.27
2023-02-21 07:15,64.27
2023-02-21 07:30,52.46
2023-02-21 07:45,67.03
2023-02-21 08:00,56.93
2023-02-21 08:15,59.54
2023-02-21 08:30,64.12
2023-02-21 08:45,59.17
2023-02-21 09:00,59.24
2023-02-21 09:15,65.49
2023-02-21 09:30,62.52
2023-02-21 09:45,62.4
2023-02-21 10:00,89.52
2023-02-21 10:15,92.3
2023-02-21 10:30,93.82
2023-02-21 10:45,125.13
2023-02-21 11:00,160.91
2023-02-21 11:15,161.32
2023-02-21 11:30,173.8
2023-02-21 11:45,167.84
2023-02-21 12:00,185.27
2023-02-21 12:15,233.84
2023-02-21 12:30,258.8
2023-02-21 12:45,238.17
2023-02-21 13:00,222.28
2023-02-21 13:15,194.0
2023-02-21 13:30,196.41
2023-02-21 13:45,223.36
2023-02-21 14:00,272.58
2023-02-21 14:15,245.2
2023-02-21 14:30,221.5
2023-02-21 14:45,203.74
2023-02-21 15:00,177.21
2023-02-21 15:15,161.3
2023-02-21 15:30,153.34
2023-02-21 15:45,121.54
2023-02-21 16:00,95.31
2023-02-21 16:15,93.83
2023-02-21 16:30,78.93
2023-02-21 16:45,51.68
2023-02-21 17:00,37.66
2023-02-21 17:15,38.44
2023-02-21 17:30,43.83
2023-02-21 17:45,33.08
2023-02-21 18:00,33.46
2023-02-21 18:15,29.78
2023-02-21 18:30,40.48
2023-02-21 18:45,52.39
2023-02-21 19:00,77.67
2023-02-21 19:15,64.49
2023-02-21 19:30,73.74
2023-02-21 19:45,77.04
2023-02-21 20:00,70.31
2023-02-21 20:15,84.7
2023-02-21 20:30,61.56
2023-02-21 20:45,57.05
2023-02-21 21:00,63.78
2023-02-21 21:15,79.58
2023-02-21 21:30,74.5
2023-02-21 21:45,87.44
2023-02-21 22:00,103.46
2023-02-21 22:15,124.65
2023-02-21 22:30,106.95
2023-02-21 22:45,59.22
2023-02-21 23:00,58.5
2023-02-21 23:15,78.72
2023-02-21 23:30,104.15
2023-02-21 23:45,107.2
2023-02-22 00:00,110.2
2023-02-22 00:15,104.1
2023-02-22 00:30,94.32
2023-02-22 00:45,70.88
2023-02-22 01:00,56.24
2023-02-22 01:15,68.14
2023-02-22 01:30,54.1
2023-02-22 01:45,61.06
2023-02-22 02:00,63.21
2023-02-22 02:15,58.55
2023-02-22 02:30,68.86
2023-02-22 02:45,67.34
2023-02-22 03:00,43.44
2023-02-22 03:15,48.39
2023-02-22 03:30,96.17
2023-02-22 03:45,83.8
2023-02-22 04:00,99.81
2023-02-22 04:15,51.68
2023-02-22 04:30,41.5
2023-02-22 04:45,40.77
2023-02-22 05:00,44.37
2023-02-22 05:15,56.96
2023-02-22 05:30,56.23
2023-02-22 05:45,54.59
2023-02-22 06:00,47.99
2023-02-22 06:15,39.51
2023-02-22 06:30,92.03
2023-02-22 06:45,102.23
2023-02-22 07:00,80.83
2023-02-22 07:15,119.15
2023-02-22 07:30,132.17
2023-02-22 07:45,155.66
2023-02-22 08:00,176.21
2023-02-22 08:15,172.0
2023-02-22 08:30,140.24
2023-02-22 08:45,113.34
2023-02-22 09:00,117.04
2023-02-22 09:15,111.87
2023-02-22 09:30,204.24
2023-02-22 09:45,250.73
2023-02-22 10:00,183.83
2023-02-22 10:15,159.22
2023-02-22 10:30,104.18
2023-02-22 10:45,77.78
2023-02-22 11:00,98.76
2023-02-22 11:15,119.48
2023-02-22 11:30,109.71
2023-02-22 11:45,120.24
2023-02-22 12:00,225.11
2023-02-22 12:15,294.26
2023-02-22 12:30,286.23
2023-02-22 12:45,213.11
2023-02-22 13:00,203.05
2023-02-22 13:15,271.35
2023-02-22 13:30,325.15
2023-02-22 13:45,371.34
2023-02-22 14:00,369.08
2023-02-22 14:15,257.82
2023-02-22 14:30,142.92
2023-02-22 14:45,143.45
2023-02-22 15:00,164.48
2023-02-22 15:15,160.01
2023-02-22 15:30,160.47
2023-02-22 15:45,122.43
2023-02-22 16:00,73.77
2023-02-22 16:15,49.92
2023-02-22 16:30,47.43
2023-02-22 16:45,39.59
2023-02-22 17:00,32.6
2023-02-22 17:15,23.84
2023-02-22 17:30,19.81
2023-02-22 17:45,21.39
2023-02-22 18:00,21.95
2023-02-22 18:15,18.2
2023-02-22 18:30,22.03
2023-02-22 18:45,21.92
2023-02-22 19:00,20.94
2023-02-22 19:15,17.62
2023-02-22 19:30,14.18
2023-02-22 19:45,12.19
2023-02-22 20:00,11.57
2023-02-22 20:15,11.4
2023-02-22 20:30,11.15
2023-02-22 20:45,9.37
2023-02-22 21:00,9.81
2023-02-22 21:15,9.83
2023-02-22 21:30,9.76
2023-02-22 21:45,8.46
2023-02-22 22:00,8.11
2023-02-22 22:15,9.37
2023-02-22 22:30,11.67
2023-02-22 22:45,12.24
2023-02-22 23:00,12.21
2023-02-22 23:15,14.97
2023-02-22 23:30,19.02
2023-02-22 23:45,28.77